Manufacturer|Model|EngineType|pwrEachEngine|maxSpeed|cruiseSpeed|StallSpeedDirty|fuelWeight|serviceCeiling|rateOfClimb|takeoffOver50ft|takeoffGroundRun|landingOver50ft|landingGroundRoll|grossWeight|emptyWeight|length|height|wingSpan|rangeNM
Aeronca|15 AC Sedan|Piston|145|104|91|46|36|13000|450|900||1300||2050|1180|25/3|10/3|37/5|370
Aeronca|11 CC Super Chief|Piston|85|89|83|44|15|12300|600|720||800||1350|820|20/7|8/9|36/1|190
Aeronca|7 CCM Champ|Piston|90|90|78|37|19|16000|650|475||850||1300|810|21/5|8/7|35/0|210
Aeronca|7 DC Champ|Piston|85|88|78|37|19|13000|620|500||850||1300|800|21/5|8/7|35/0|210
Aeronca|7 AC Champ|Piston|65|83|74|33|14|12500|370|632||885||1220|740|21/5|8/9|35/0|175
Aeronca|11 AC Chief|Piston|65|78|72|33|15|11000|360|583||880||1250|786|20/4|8/9|36/1|180
Aerostar Aircraft Corporation|PA-60-700P Aerostar (preliminary)|Piston|350|264|230|80|165|25000|1820|3080|1950|2100|1425|6315|4275|34/10|12/1|36/8|868
Aerostar Aircraft Corporation|PA-602P Aerostar|Piston|290|262|247|77|165|28000|1755|2250|1800|2076|1217|6000|4125|34/9|12/1|36/7|1020
Aerostar Aircraft Corporation|PA-601P pressurized Aerostar ('77 service ceiling=26,350)|Piston|290|257|235|77|165|25000|1460|2490|1900|2030|1230|6000|4056|34/10|12/1|36/8|1101
Aerostar Aircraft Corporation|PA-601B turbochg Aerostar (prior'80=less perf)|Piston|290|257|237|77|165|30000|1460|2490|1900|2030|1230|6000|3958|34/10|12/1|36/8|1174
Aerostar Aircraft Corporation|PA-601, 601A, turbochg Aerostar|Piston|290|271|236|69|174|30100|1700|2200|1800|1625|980|5700|3750|34/10|12/1|34/2|1174
Aerostar Aircraft Corporation|PA-600,600A,-Aerostar|Piston|290|220|212|74|165|21200|1800|1950|1550|1840|1040|5500|3737|34/10|12/1|34/2|1200
Ag Cat Corp|G164B Turbine (spec for 680 hp)|Propjet|680||113||80|||900||||5200|3150|33/1|12/1|42/5|
Ag Cat Corp|G164C-600 AG-CAT (design category) sprayer|Piston|600|104|91|60|80|||2080|1080|1190|588|6300|3650|30/0|11/5|42/3|235
Ag Cat Corp|G164B-600 AG-CAT (design category) sprayer|Piston|600||100|52|64||1360|1050|430|1150|565|5200|3650|25/6|11/6|42/5|200
Ag Cat Corp|G164A-600 AG-CAT (design category)|Piston|600|128|96|59|46|14500|1600|860|505|770|410|4500|3160|24/4|10/10|35/11|148
Ag Cat Corp|G164B-525 (design-sprayer) prior'78=25/11 length|Piston|525|128|91|52|46||1350||1000|540|1150|567|4500|3,150|26/1|42/3|155
Ag Cat Corp|G164B-450 (hopper=325 gal)|Piston|450||100||64||||1300|||5200|3325|24/2|11/6|42/5|190
Ag Cat Corp|G164B-450 AG CAT (design category) sprayer|Piston|450|128|91|52|46|14500|1060|1090|585|1150|567|4500|3100|25/7|11/0|42/3|190
Ag Cat Corp|G164A-450 AG CAT (design category)|Piston|450|128|91|58|46|14000|990|1145|630|750|390|4500|2870|24/4|11/0|35/11|190
Ag Cat Corp|G164A-300 AG CAT|Piston|300|128|74|54|46|11500|700|1200|750|1000|590|3750|2410|24/4|10/9|35/8|226
Ag Cat Corp|G164A-275 AG CAT|Piston|275|114|74|54|33|10250|600|1275|800|1000|590|3750|2400|24/4|10/9|35/8|117
Ag Cat Corp|G164A-245 AG CAT|Piston|245|114|70|54|33|8500|496|1300|825|1000|590|3750|2300|24/4|10/9|35/8|174
Ag Cat Corp|G164A-220 AG CAT|Piston|220|114|70|48|33|7000|435|1360|850|1000|590|3600|2200|24/4|10/9|35/8|190
Aircoupe-Alon|A-2|Piston|90|112|108|37|24|17300|640|1100|540|1200|350|1450|930|20/2|5/1|30/0|410
Aircoupe-Alon|F-1|Piston|90|113|104|50|24|16000|600|1800|1260|1600|600|1400|900|20/1|6/3|30/0|400
Aircoupe-Alon|415-G|Piston|85|99|96|50|24|13500|550|2100|1260|1850|750|1400|833|20/1|6/3|30/0|360
Aircraft Manufacturing & Design LLC|CH-601-XL/i/650-LS/i|Piston|100|120|113|38|30|12000|1000|||||1320|770|20/0|6/6|27/0|715
Air Tractor, Inc.|AT-503A|Propjet|750|144|126|60|170||760||1170|||9200|4488|||50/0|547
Air Tractor, Inc.|AT-502|Propjet|680|144|126|60|170||760||1170|||9200|4123|||50/0|547
Air Tractor, Inc.|AT-402|Propjet|680|122|105|46|170||1000||810|||7860|3739|||49/0|574
Air Tractor, Inc.|AT-401|Piston|600|136|105|53|126||520||1318|||7860|4135|||49/1|547
Air Tractor, Inc.|AT-400|Propjet|680|200|185|55|126||1500||1000|||7800|3550|||45/1|
Air Tractor, Inc.|AT-302A|Piston|600|190|182|55|126||2500||1300|||7300|3350|||45/1|
Air Tractor, Inc.|AT-302|Piston|600|190|182|55|76||2500||1000|||7000|3250|||45/1|
Air Tractor, Inc.|AT-301A|Piston|600|164|152|56|76||1500||1300|||7300|3850|||45/1|
Air Tractor, Inc.|AT-301|Piston|600|168|155|56|76||1600||1300|||7000|3800|||45/1|
American Champion Aircraft Corporation|8KCAB-180 Super Decathlon (w/optional speed kit)|Piston|180|158|150|52|40|17200|1230|||||1800|1315|22/11|7/7|32/0|
American Champion Aircraft Corporation|8KCAB-150 F/P prop(w/optional speed kit)|Piston|150|147|137|52|40|16000|1000|||||1800|1260|22/11|7/7|32/0|404
American Champion Aircraft Corporation|8GCBC (max speed w/8047 fixed-pitch prop)|Piston|180|135|122|50|35||1080|1090|510|1245||2150|1315|22/8|8/7|36/2|
American Champion Aircraft Corporation|7KCAB|Piston|150|116|109|43|39|17000|1120|535|375|755|400|1650|1140|22/7|7/7|34/5|411
American Champion Aircraft Corporation|7GCB|Piston|150|109|103|37|37|18100|1140|617|366|718|320|1650|1050|22/9|6/1|34/5|411
American Champion Aircraft Corporation|7GCAA|Piston|150|113|109|43|39|17000|1120|535|375|755|400|1650|1140|22/8||33/5|411
American Champion Aircraft Corporation|7GCBC|Piston|150|113|111|39|35|17000|1145|457|296|690|310|1650|1150|22/8||34/3|480
American Champion Aircraft Corporation|7GCBC with EDO floats|Piston|150|97|90|46|39|16000|800|||||1800|1290|22/7|6/8|34/6|248
American Champion Aircraft Corporation|7ECA|Piston|115|109|107|44|35|12000|725|716|450|775|400|1650|1067|22/8||33/5|301
American Champion Aircraft Corporation|7EC|Piston|90|117|97|38|26|15500|700|1240|840|700|400|1450|820|21/6|7/0|35/1|350
American Champion Aircraft Corporation|7ACA|Piston|60|85|75|38|13|8500|400|850|525|||1220|750|21/11|7/0|35/1|261
American General Aircraft|GA-7 Cougar (twin) '77 svc. ceils=18,300 &4,900|Piston|160|168|160|63|80|17400|1160|1805|1000|1330|710|3800|2588|29/7|10/4|36/9|680
American General Aircraft|AG5B Tiger (prior '79 height=8/0)|Piston|180|148|139|53|51|13800|850|1550|865|1120|410|2400|1360|22/0|7/7|31/6|530
American General Aircraft|AA5A Cheetah (prior '79 height=8/0)|Piston|150|136|127|52|37|12650|660|1600|880|1100|380|2200|1323|22/0|8/0|31/6|428
American General Aircraft|AA5 Traveler ('75=+ 7 mph speed)|Piston|150|130|122|50|38|12650|660|1600|880|1100|380|2200|1271|22/0|8/0|31/5|503
American General Aircraft|AA-1B Trainer|Piston|108|120|108|52|24|12750|705|1590|890|1100|410|1560|975|19/2|7/6|24/5|348
American General Aircraft|AA-1A Trainer|Piston|108|120|109|51|24|13750|765|1400|725|1065|395|1500|1007|19/3|6/8|24/5|350
American Legend Aircraft|Legend Cub AL11C-100|Piston|100|90|84|33|20|15000|700||210||205|1320|845|22/5|7/6|35/6|275
Aviat Aircraft, Inc|Husky A-1 (formerly Christen Industries)|Piston|180|126|113|36|52|20000|1500||200||350|1800|1190|22/7|6/7|35/6|696
Ayres Corp.|S-2D AG Commander|Piston|600|122|96|61|54|15000|1000|1200|850|800|500|6000|3400|29/4|8/9|44/4|275
Ayres Corp.|S-2R-R3S/PZL 600|Piston|600|122|108|57|100|15000|900||775||500|6000|3700|29/4|9/2|44/4|275
Ayres Corp.|S-2R-1340/P&W 600 Thrush ('69 length=28/4)|Piston|600|122|108|57|100|15000|900||775||500|6000|3700|29/4|9/2|44/4|275
Ayres Corp.|S-2R-800 Thrush (prior '76 length =28/11)|Piston|800|135|119|50|100|25000|1350||900||500|6000|4100|29/2|9/2|44/4|257
Ayres Corp.|S-2R-T34-Turbo (400 gal hopper)|Propjet|750|138|130|57|190|25000|1740||600||500|6000|3600|33/0|9/2|44/5|545
Ayres Corp.|S-2R-1820/510|Piston|1,200|138|135|57|190|28000|2033||550||950|6000|4990|31/6|9/7|44/5|563
B Bar D Aviation, Inc.|Allegro|Piston|80|157|138|46|17||1000|820|490|721|340|1320|622|20/10|6/9|35/5|350
Beechcraft (Hawker Beechcraft)|Beechjet 400 (400A has increased weights)|Jet|2,900|461||87|732|41000|3960||3950||2830|15780||48/5|13/9|43/6|1900
Beechcraft (Hawker Beechcraft)|Premier IA|Jet|2,300|.80 Mach|.78 Mach||3,670|41000|||3792||3170|12500|8200|46/0|15/4|44/6|1360
Beechcraft (Hawker Beechcraft)|Starship 2000 (2000A=increased spds & weights)|Propjet|1,200|335|328||560|34800|3225|3876||2630|1070|14400|9887|46/1|13/0|54/5|1722
Beechcraft (Hawker Beechcraft)|350 Super King Air|Propjet|1,050|314|303||539|35000|2979|||2508|1272|15000|9051|46/8|14/4|57/11|1966
Beechcraft (Hawker Beechcraft)|300 Super King Air (300LW has decr. weights)|Propjet|1,050|316|300||539|35000|2844|||||14000|8838|43/10|15/0|54/6|1761
Beechcraft (Hawker Beechcraft)|B200 Super King Air|Propjet|850|294|279|75|544|35000|2450|3345|1942|2845|1760|12500|7538|43/9|15/0|54/6|1972
Beechcraft (Hawker Beechcraft)|200 Super King Air (prior '79 serv. ceil=31,000)|Propjet|850|290|272|75|544|32880|2450|3345|1942|2845|1760|12500|7538|43/9|15/0|54/6|1870
Beechcraft (Hawker Beechcraft)|B100 King Air (prior '79 serv. ceiling=29,100)|Propjet|715|265|258|83|470|24850|1963|2951|1898|2679|1290|11800|7082|39/11|15/5|45/11|1080
Beechcraft (Hawker Beechcraft)|A100 King Air|Propjet|680|248|235|75|470|24850|1963|3245|2060|2944|1787|11500|6797|39/11|15/5|45/11|1000
Beechcraft (Hawker Beechcraft)|100 King Air|Propjet|680|248|239|73|374|25900|2200|1729|1452|2138|1240|10600|6440|39/9|15/4|45/10|1005
Beechcraft (Hawker Beechcraft)|F90-1 King Air|Propjet|750|279|265|79|470|30450|2455|2808|2012|2275|1194|10950|6647|39/10|15/1|45/11|1235
Beechcraft (Hawker Beechcraft)|F90 King Air|Propjet|750|267|261|77|470|29802|2380|2856|2090|2275|1194|10950|6549|39/10|15/1|45/11|1235
Beechcraft (Hawker Beechcraft)|E 90 King Air|Propjet|550|250|245|77|474|27620|1870|2024|1553|2110|1030|10100|5996|35/6|14/3|50/3|1290
Beechcraft (Hawker Beechcraft)|C90A King Air (LJ-1063 up) (10,100 g/w=SN1138 up)|Propjet|550|247|240|75|384|30000|2137|2261|1629|1672|737|10100|5765|35/6|14/3|50/3|1120
Beechcraft (Hawker Beechcraft)|C 90,C90-1 (-1 has increased speed)|Propjet|550|223|217|76|384|28100|1955|2261|1629|1672|737|9650|5765|35/6|14/3|50/3|1120
Beechcraft (Hawker Beechcraft)|C90 GT King Air|Propjet|550|270|208||384|30000|1953||2392||2355|10100|6950|35/6|14/3|50/3|1026
Beechcraft (Hawker Beechcraft)|B 90 King Air|Propjet|550|223|219|74|384|27200|2000|2180|1750|2010|980|9650|5685|36/6|14/8|50/3|1185
Beechcraft (Hawker Beechcraft)|A 90 King Air|Propjet|550|223|216|77|384|30200|1900|2150|1730|1960|1250|9300|5680|35/6|14/8|45/1|1160
Beechcraft (Hawker Beechcraft)|90 King Air|Propjet|500|243|235|75|384|28400|2000|1755|1350|1870|1250|9000|5680|35/6|14/8|45/1|1270
Beechcraft (Hawker Beechcraft)|88 Queen Air pressurized|Piston|380|214|192|71|264|26800|1275|1800|1372|2311|1340|8800|6035|35/6|14/3|50/3|902
Beechcraft (Hawker Beechcraft)|B 80 Queen Air 1973 thru 1978|Piston|380|216|196|70|200|26800|1275|2556|2007|2572|1620|8800|5277|35/6|14/8|50/3|656
Beechcraft (Hawker Beechcraft)|B 80 Queen Air - specs thru 1972|Piston|380|216|195|71|214|26800|1275|1800|1372|2311|1340|8800|5120|35/6|14/3|50/3|716
Beechcraft (Hawker Beechcraft)|A 80 Queen Air|Piston|380|219|200|70|214|28500|1585|1800|1500|2143|1510|8500|4900|35/6|14/3|50/3|716
Beechcraft (Hawker Beechcraft)|80 Queen Air|Piston|380|208|191|67|230|28000|1300|1450|1060|2070|1160|8000|4800|35/2|14/6|50/3|746
Beechcraft (Hawker Beechcraft)|70 Queen Air|Piston|340|208|186|70|214|30000|1375|1675|1269|2107|1244|8200|4995|35/6|14/3|50/4|755
Beechcraft (Hawker Beechcraft)|A 65 Queen Air|Piston|340|208|186|70|214|31300|1300|1560|1180|1750|1330|7700|4980|35/6|14/3|45/10|755
Beechcraft (Hawker Beechcraft)|65 Queen Air|Piston|340|200|186|70|180|27000|1300|1700|1310|1980|1425|7700|4640|33/3|14/1|45/10|630
Beechcraft (Hawker Beechcraft)|B 60 Duke pressurized (prior '78 t/o run=2006)|Piston|380|246|233|73|142|30000|1601|2626|2075|3065|1318|6775|4425|33/10|12/4|39/3|1010
Beechcraft (Hawker Beechcraft)|A 60 Duke pressurized|Piston|380|249|240|76|142|30800|1601|2626|2006|3065|1318|6775|4175|33/10|12/4|39/3|824
Beechcraft (Hawker Beechcraft)|60 Duke Pressurized|Piston|380|249|236|76|142|31300|1615|1660|1253|2340|1590|6725|4100|33/10|12/4|39/3|824
Beechcraft (Hawker Beechcraft)|H 18 Super Twin Beech|Piston|450|204|191|76|198|20300|1400|2072|1650|1850|1480|9900|5845|35/2|9/4|49/8|622
Beechcraft (Hawker Beechcraft)|G 18 Super Twin Beech|Piston|450|200|186|73|275|21400|1410|1980|1585|1850|1480|9700|5910|35/1|9/6|49/6|880
Beechcraft (Hawker Beechcraft)|E 18 Super Twin Beech|Piston|450|203|187|71|206|23000|1250|2079|1655|1569|1480|9300|6150|33/1|9/2|47/7|638
Beechcraft (Hawker Beechcraft)|D 18 S Twin Beech|Piston|450|200|183|67|206|20500|1190|1760|1405|1460|1250|8750|5770|33/1|9/2|47/7|632
Beechcraft (Hawker Beechcraft)|H,J 50 Twin Bonanza supercharged|Piston|340|204|180|72|180|29500|1270|1250|975|1840|1280|7300|4480|31/5|11/5|45/9|787
Beechcraft (Hawker Beechcraft)|E,F,G 50 Twin Bonanza supercharged|Piston|340|209|184|72|180|29500|1320|1250|975|1840|1250|7000|4460|31/5|11/5|45/9|813
Beechcraft (Hawker Beechcraft)|D50,A,B,C,E Twin Bonanza|Piston|295|186|178|62|134|20000|1450|1260|1000|1452|1010|6300|4100|31/5|11/5|45/9|670
Beechcraft (Hawker Beechcraft)|C 50 Twin Bonanza|Piston|275|178|161|60|134|20000|1450|1260|1000|1375|1000|6000|3956|31/5|11/5|45/2|726
Beechcraft (Hawker Beechcraft)|B 50 Twin Bonanza|Piston|260|177|159|60|134|20000|1450|1344|1080|1215|975|6000|3940|31/5|11/5|45/2|733
Beechcraft (Hawker Beechcraft)|50 Twin Bonanza|Piston|260|177|158|56|134|19000|1450|1350|1080|1215|975|5500|3800|31/5|11/5|45/2|722
Beechcraft (Hawker Beechcraft)|58 P Baron(325) pressurized (range based on 190 gal fuel)|Piston|325|261|232|78|166|25000|1475|2643|1555|2427|1378|6200|4026|29/11|9/2|37/10|1013
Beechcraft (Hawker Beechcraft)|58 P Baron-press.('77 hgt=9/6) (range based on 190 gal fuel)|Piston|310|256|214|79|166|25000|1529|2376|1480|2498|1471|6100|3985|29/10|9/2|37/10|1130
Beechcraft (Hawker Beechcraft)|58 P Baron turbochg.- specs thru 1976|Piston|310|231|207|79|166|25000|1424|2761|1654|2498|1471|6100|3985|29/10|9/2|37/10|1104
Beechcraft (Hawker Beechcraft)|58 TC Baron (325) turbochg-non-pressurized|Piston|325|261|232|78|166|25000|1475|2643|1555|2427|1378|6200|3788|29/11|9/2|37/10|1013
Beechcraft (Hawker Beechcraft)|58 TC Baron (non-press/turbo) '78 length=9/2|Piston|310|250|214|79|166|25000|1461|2376|1480|2498|1471|6100|3780|29/10|9/6|37/10|1130
Beechcraft (Hawker Beechcraft)|58 Baron (300 hp)|Piston|300|208|195|74|136|20688|1750|2371|1403|2498|1439|5500|3443|29/10|9/6|37/10|1109
Beechcraft (Hawker Beechcraft)|58 Baron ('76 & prior fuel=166 gal opt)|Piston|285|208|195|74|136|18600|1660|2101|1336|2498|1439|5400|3361|29/10|9/6|37/10|1109
Beechcraft (Hawker Beechcraft)|A56TC Turbo Baron|Piston|380|252|247|73|142|32200|2020|1420|1005|2080|1285|5990|3700|29/0|9/3|37/10|737
Beechcraft (Hawker Beechcraft)|56 TC Turbo Baron ('67 & '68 fuel=178 gal opt)|Piston|380|252|247|73|142|32200|2020|1420|1005|2080|1285|5990|3650|28/3|9/7|37/10|737
Beechcraft (Hawker Beechcraft)|E 55 Baron ('70-'72 fuel=142 gal opt)|Piston|285|208|195|73|100|19100|1682|968|596|1414|868|5300|3291|29/0|9/2|37/10|934
Beechcraft (Hawker Beechcraft)|C55, D55 Baron|Piston|285|210|200|67|112|20900|1670|968|596|1414|868|5300|3075|28/3|9/7|37/10|550
Beechcraft (Hawker Beechcraft)|B 55 Baron (1978 & up)|Piston|260|201|184|73|100|19300|1693|2154|1400|2148|1467|5100|3236|28/0|9/7|37/10|739
Beechcraft (Hawker Beechcraft)|B55 (SN955 & up=5000 g/w; SN 502 thru 954 elig 5100 g/w)|Piston|260|205|196|68|112|19700|1670|1225|910|1370|840|5100|3075|27/0|9/7|37/10|763
Beechcraft (Hawker Beechcraft)|A 55 Baron|Piston|260|200|191|66|112|19500|1700|1700|910|1470|960|4880|2960|26/5|9/6|37/8|745
Beechcraft (Hawker Beechcraft)|55 Baron|Piston|260|200|191|66|112|19200|1630|1700|1255|1470|1250|4880|2960|25/7|9/6|37/8|745
Beechcraft (Hawker Beechcraft)|E 95 Travel Air (fuel inj.)|Piston|180|183|174|61|80|18100|1250|1280|1000|1590|980|4200|2650|25/1|9/6|37/1|661
Beechcraft (Hawker Beechcraft)|B 95A, D 95A Travel Air (fuel inj.)|Piston|180|183|174|61|80|18100|1250|2100|1740|1850|1015|4200|2635|25/3|9/6|37/1|661
Beechcraft (Hawker Beechcraft)|95, B95 Travel Air (95 = 4,000 lb. gross)|Piston|180|183|170|61|80|18100|1250|2100|1740|1850|1015|4100|2635|25/3|9/5|37/9|661
Beechcraft (Hawker Beechcraft)|76 Duchess|Piston|180|171|158|60|100|19650|1248|2119|1017|1881|1000|3900|2460|29/0|9/6|38/0|843
Beechcraft (Hawker Beechcraft)|B 36 TC Bonanza|Piston|300|213|190|57|102|25000|1049|2364|1156|1692|976|3850|2338|27/6|8/5|37/10|957
Beechcraft (Hawker Beechcraft)|A 36 TC Bonanza(prior '80=optl fuel 74 gal)|Piston|300|214|190|57|74|25000|1165|2012|1176|1449|721|3650|2278|27/6|8/5|33/6|800
Beechcraft (Hawker Beechcraft)|A 36 Bonanza (300 hp)|Piston|300|184|169|59|74|18500|1210|1913|971|1473|913|3650|2247|27/6|8/5|33/6|720
Beechcraft (Hawker Beechcraft)|A 36 Bonanza ('70 & '71 lgt=26/8) '80 + up fuel= 74 gal|Piston|285|179|168|52|74|16600|1030 w/3bld|2040|1140|1450|840|3600|2195|27/6|8/5|33/6|697
Beechcraft (Hawker Beechcraft)|36 Bonanza|Piston|285|177|170|56|50|16000|1015|1525|1112|1240|683|3600|1980|26/4|8/5|32/10|510
Beechcraft (Hawker Beechcraft)|V 35 A & B-TC Turbo Bonanza|Piston|285|217|200|55|50|29500|1225|1320|950|1177|647|3400|2027|26/4|6/6|33/5|600
Beechcraft (Hawker Beechcraft)|V 35B Bonanza ('80 & up=fuel std 74 gal)|Piston|285|182|172|51|74|17858|1167 w/3bld|1769|1002|1324|763|3400||26/5|7/7|33/6|717
Beechcraft (Hawker Beechcraft)|V 35 A Bonanza|Piston|285|183|177|55|44|17500|1136|1320|965|1177|647|3400|1960|26/4|6/6|33/5|536
Beechcraft (Hawker Beechcraft)|V 35 TC Turbo Bonanza|Piston|285|209|195|55|50|26600|1225|1320|965|1177|647|3400|1950|26/4|6/6|33/5|580
Beechcraft (Hawker Beechcraft)|V 35 Bonanza|Piston|285|183|177|55|50|17500|1136|1320|965|1177|647|3400|1915|26/4|6/6|33/5|543
Beechcraft (Hawker Beechcraft)|S 35 Bonanza|Piston|285|184|178|54|50|18300|1200|1225|880|1150|625|3300|1915|26/4|6/6|33/5|543
Beechcraft (Hawker Beechcraft)|N,P 35 Bonanza|Piston|260|178|170|52|50|19200|1150|1260|1050|1100|650|3125|1855|25/2|6/5|33/5|535
Beechcraft (Hawker Beechcraft)|K,M 35 Bonanza|Piston|250|183|170|52|49|20000|1170|1185|950|1050|710|2950|1832|25/1|6/5|33/5|495
Beechcraft (Hawker Beechcraft)|J 35 Bonanza|Piston|250|183|174|50|39|21300|1250|1175|925|1050|710|2900|1820|25/1|6/6|32/9|492
Beechcraft (Hawker Beechcraft)|H 35 Bonanza|Piston|240|179|165|50|39|19800|1225|1260|1050|1050|710|2900|1820|25/1|6/6|32/9|470
Beechcraft (Hawker Beechcraft)|E,F,G 35 Bonanza (E=2,725 lb. gross, F=2,750 lb.)|Piston|225|169|160|48|39|19000|1300|1270|1060|1025|680|2775|1722|25/1|6/6|32/9|550
Beechcraft (Hawker Beechcraft)|C, D 35 Bonanza|Piston|205|165|152|48|39|18000|1100|1500|1250|975|625|2700|1650|25/1|6/6|32/9|510
Beechcraft (Hawker Beechcraft)|A,B 35 Bonanza (A=185 hp)|Piston|196|160|148|49|39|17100|890|1515|1275|950|625|2650|1575|25/1|6/6|32/9|470
Beechcraft (Hawker Beechcraft)|35 Bonanza|Piston|185|160|150|48|39|18000|950|1440|1200|925|580|2550|1458|25/1|6/6|32/9|530
Beechcraft (Hawker Beechcraft)|G 33 Bonanza|Piston|260|177|168|49|50|16600|1060|1516|1023|1150|625|3300|1935|25/5|8/3|32/9|513
Beechcraft (Hawker Beechcraft)|F & E 33-C Bonanza (conventional tail)|Piston|285|181|174|53|50|18300|1200|1225|880|1150|625|3300|1918|25/6|8/3|32/9|520
Beechcraft (Hawker Beechcraft)|F33A ('80 & up fuel std 74 gal)|Piston|285|182|172|51|74|17858|1167 w/3bld|1769|1002|1324|763|3400|2125|26/8|8/3|33/6|717
Beechcraft (Hawker Beechcraft)|E 33 A Bonanza (conventional tail)|Piston|285|181|174|53|50|18300|1200|1225|880|1150|625|3300|1915|25/6|8/3|32/10|520
Beechcraft (Hawker Beechcraft)|F & E Bonanza (conventional tail)|Piston|225|170|161|52|50|17800|930|1288|982|1298|643|3050|1862|25/6|8/3|32/10|520
Beechcraft (Hawker Beechcraft)|C 33 A Debonair|Piston|285|181|174|53|50|18300|1200|1225|880|1150|632|3300|1775|25/6|8/3|32/10|520
Beechcraft (Hawker Beechcraft)|C 33 Debonair|Piston|225|170|161|52|50|18300|980|1288|982|1298|643|3050|1854|25/6|8/3|32/10|568
Beechcraft (Hawker Beechcraft)|A,B 33 Debonair|Piston|225|170|161|52|50|18400|960|1235|982|1282|643|3000|1745|25/6|8/3|32/10|568
Beechcraft (Hawker Beechcraft)|33 Debonair|Piston|225|170|161|52|50|19800|1010|1235|940|1282|635|2900|1730|25/5|8/3|32/8|550
Beechcraft (Hawker Beechcraft)|C-24R Sierra 200 (prior'78 svc. ceil=16,400)|Piston|200|145|137|60|57|15385|927|1561|1063|1462|816|2750|1696|25/9|8/1|32/9|647
Beechcraft (Hawker Beechcraft)|B-24R Sierra 200|Piston|200|140|131|55|52|14342|891|1804|1169|1519|803|2750|1711|25/8|8/3|32/9|591
Beechcraft (Hawker Beechcraft)|A-24R Sierra 200|Piston|200|148|141|57|58.8|14350|862|1630|1100|1380|760|2750|1610|25/8|8/3|32/9|704
Beechcraft (Hawker Beechcraft)|Super III Musketeer (A-23-24)|Piston|200|137|130|52|60|14850|880|1380|950|1300|660|2550|1410|25/1|8/2|32/7|643
Beechcraft (Hawker Beechcraft)|C 23 Sundowner (pre '76 fuel=52 gal) pre'82=less mph|Piston|180|128|116|51|57|12600|792|1955|1130|1484|703|2450|1494|25/9|8/3|32/9|565
Beechcraft (Hawker Beechcraft)|Custom III Musketeer|Piston|180|127|120|50|60|11870|728|1460|990|1260|640|2400|1375|25/1|8/2|32/7|565
Beechcraft (Hawker Beechcraft)|A 23, A23A Musketeer (A=2,400 lb gross)|Piston|165|127|120|50|60|11870|880|1460|990|1260|640|2350|1325|25/1|8/2|32/7|565
Beechcraft (Hawker Beechcraft)|23 Musketeer|Piston|160|123|111|52|60|13500|720|1275|925|1260|640|2300|1300|25/1|8/2|32/7|800
Beechcraft (Hawker Beechcraft)|B 19 Sport 150 (76' & prior fuel=52 gal)|Piston|150|110|107|50|57|11650|680|1635|1030|1693|824|2150|1414|25/9|8/3|32/9|643
Beechcraft (Hawker Beechcraft)|A 23-19, Sport III, Musketeer|Piston|150|122|114|48|60|14900|900|1255|840|1220|590|2200|1325|25/1|8/2|32/7|800
Beechcraft (Hawker Beechcraft)|77 Skipper ('79-'80 height=7/11)|Piston|115|106|97|47|29|12900|720|1280|780|1313|670|1675|1103|24/0|6/11|30/0|370
Beechcraft (Hawker Beechcraft)|Bellanca Inc.||||||||||||||||||
Beechcraft (Hawker Beechcraft)|17-31 ATC Turbo, 300-Lyc. (prior '78=8 gal less)|Piston|300|193|187|61|68|24000|1170|1420|980|1340|835|3325|2372|26/4|7/4|34/2|760
Beechcraft (Hawker Beechcraft)|17-31A, (prior '78=8 gal less fuel + 6 mph less)|Piston|300|174|165|61|68|18200|1170|1420|980|1340|835|3325|2247|26/4|7/4|34/2|483
Beechcraft (Hawker Beechcraft)|17-31TC, Turbo Super Viking (Lycoming eng)|Piston|250|193|187|54|72|24000|1800|890|460|1100|575|3200|2010|23/7|7/4|34/2|760
Beechcraft (Hawker Beechcraft)|17-30A, (1979 & up; 1993 & up + 5 mph; IO-550 +6 mph)|Piston|300|181|176|61|68|20000|1210|1420||1340||3325|2185|26/4|7/4|34/2|550
Beechcraft (Hawker Beechcraft)|17-30A, 300-Cont.('78=8 gal more fuel & +11 mph)|Piston|300|166|163|61|60|17000|1085|1420|980|1340|835|3325|2217|26/4|7/4|34/2|550
Beechcraft (Hawker Beechcraft)|17-30-300 Viking (Continental eng)|Piston|300|167|163|54|58|21000|1840|890|450|1050|575|3200|1900|23/7|7/5|34/2|550
Beechcraft (Hawker Beechcraft)|14-19-3A,260 A,B,C|Piston|260|181|177|54|58|22500|1500|990|550|825|400|3000|1750|23/6|6/5|34/2|639
Beechcraft (Hawker Beechcraft)|14-19-2 Cruisemaster|Piston|230|179|170|42|40|20000|1400|1025|760|1150|470|2700|1640|22/9|6/2|34/2|452
Beechcraft (Hawker Beechcraft)|14-19 Cruisemaster|Piston|190|174|157|38|40|21500|1250|1270|850|1025|450|2600|1575|23/0|6/2|34/2|435
Beechcraft (Hawker Beechcraft)|14-13 Cruiseair Sr.|Piston|150|147|130|38|40|19500|1100|1350|606|975|437|2100|1520|21/2|6/2|34/2|591
Bombardier Aerospace Business Aircraft|60 (standard configuration)|Jet|4,600|458||||51000||5360||3750||22750|13922|58/7|14/7|43/8|2740
Bombardier Aerospace Business Aircraft|Global Express XRS|Jet|14,750|.89 Mach|.85 Mach||44,975|51000|||6190||2670|98000|51200|99/5|25/6|94/0|6190
Bombardier Aerospace Business Aircraft|55C|Jet|3,700|455|||6,690|51000||4900||3100||21000|12622|55/1|14/8|43/9|
Bombardier Aerospace Business Aircraft|Global 6000|Jet|14,750|.89 Mach|.85 Mach||45,050|51000|||6476||2670|99750|52230|99/5|25/6|94/0|6000
Bombardier Aerospace Business Aircraft|55C/ER|Jet|3,700|455|||7,049|51000||5150||3100||21500|12686|55/1|14/8|43/9|
Bombardier Aerospace Business Aircraft|Global 5000|Jet|14,750|.89 Mach|.85 Mach||36,000|51000|||5000||2670|98000|50830|96/10|25/6|94/0|4800
Bombardier Aerospace Business Aircraft|Challenger 850ER|Jet|8,729|.80 Mach|.77 Mach||18,305|41000|||6305||2910|53000|34167|87/10|20/5|69/7|3044
Bombardier Aerospace Business Aircraft|55C/LR|Jet|3,700|455|||7,707|51000||5150||3100||21500|12816|55/1|14/8|43/9|
Bombardier Aerospace Business Aircraft|55 (1984-'85)|Jet|3,700|455|417||6,707|51000|4059|5600||3300||21500|12135|55/1|14/8|43/9|1715
Bombardier Aerospace Business Aircraft|CL-601-3A Challenger (3R=long-range)|Jet|8,650||442|103|16,665|41000|4443|5400||3300||43250|20485|68/5|20/8|64/4|
Bombardier Aerospace Business Aircraft|55 (thru 1983)|Jet|3,700|457|||6,707|51000|4380|4540||3109||19500|12130|55/1|14/8|43/9|1715
Bombardier Aerospace Business Aircraft|CL-601 Challenger (GE engs)|Jet|8,650|480|442||16,665|41000|4200|5400||3300||43250|19950|68/5|20/8|61/10|3391
Bombardier Aerospace Business Aircraft|45XR|Jet|3,500|0.81|0.79||6,062|51000|||||2660|21750|13743|57/6|14/13|47/78|2098
Bombardier Aerospace Business Aircraft|CL-600 Challenger (AVCO engs)|Jet|7,500|480|442||14,890|41000|3400|5700||3300||41400|18660|68/5|20/8|61/10|2991
Bombardier Aerospace Business Aircraft|CL-604 Challenger|Jet|8,729||459||20,000|41000||||||47700||68/5|20/8|64/4|
Bombardier Aerospace Business Aircraft|45|Jet|3,500|0.81|0.79||6,062|51000|||||2660|20750||57/6|14/13|47/78|2102
Bombardier Aerospace Business Aircraft|Challenger 605|Jet|8,729|.82 Mach|.80 Mach||20,000|41000|||5684||2777|48300|26985|68/5|20/8|64/4|4045
Bombardier Aerospace Business Aircraft|40|Jet|3,500|0.81|0.79||5,300 lb|51000|||||2660|20600||55/5|14/13|47/78|1803
Bombardier Aerospace Business Aircraft|Challenger 300|Jet|6,826|470|459||14,100|45000|||4750||2610|38650|23350|68/63|20/33|63/84|3100
Bombardier Aerospace Business Aircraft|36 A (prior'82 = gross weight @ 18,000)|Jet|3,500|491|460|99|7,400|45000|4340|4972||3075||18300|9838|48/8|12/3|39/6|2289
Bombardier Aerospace Business Aircraft|36|Jet|3,500|477|441|105|7,431|45000|5100|4080||3105||17000|8802|48/7|12/3|39/5|2289
Bombardier Aerospace Business Aircraft|35A|Jet|3,500|471|460|99|6,198|45000|4760|4972||3075||18300|9838|48/8|12/3|39/6|1818
Bombardier Aerospace Business Aircraft|35|Jet|3,500|477|441|105|6,171|45000|5100|4080||3105||17000|8762|48/7|12/3|39/5|1818
Bombardier Aerospace Business Aircraft|31 Std. (31A Vmo = 476 kts)|Jet|3,500|447|||4,110|51000||2950||2800||15500|9857|48/8|12/3|43/9|
Bombardier Aerospace Business Aircraft|29 Longhorn|Jet|2,950|478|441|79|5,373|47900|6110|2880||2220||15000|8157|47/7|12/3|43/9|1546
Bombardier Aerospace Business Aircraft|28 Longhorn|Jet|2,950|475|441|79|4,704|48800|6350|2630||2220||15000|8195|47/7|12/3|43/9|1450
Bombardier Aerospace Business Aircraft|25G|Jet|2,950||464||6,594|51000|5720|4893||2728||16300|8250|47/7|12/3|35/7|1450
Bombardier Aerospace Business Aircraft|25 D,F w/6 engs=45,000 service ceiling (prior '82 more rate of climb)|Jet|2,950|464|459|97|6,098|51000|6830|3937||2817||15000|7950|47/7|12/3|35/7|1431
Bombardier Aerospace Business Aircraft|25 B (1973 thru 1975)|Jet|2,950|464|441|104|6,098|45000|6050|5186||3090||15000|7355|47/6|12/3|35/7|1450
Bombardier Aerospace Business Aircraft|25 C (1973 thru 1975)|Jet|2,950|464|441|104|7,464|45000|6050|5186||3090||15000|7233|47/6|12/3|35/7|1525
Bombardier Aerospace Business Aircraft|25 B & C (thru '72)|Jet|2,950|477|442|90|6,098|45000|6050|5186||2703||15000|7206|47/6|12/6|35/6|1385
Bombardier Aerospace Business Aircraft|24 F (w/8A engs=51,000 service ceil)|Jet|2,950|475|441|88|5,628|45000|7100|3297||2873||13500|7130|43/3|12/3|35/6|1001
Bombardier Aerospace Business Aircraft|24 E (prior to '77=12,499 gross)|Jet|2,950|477|441|88|4,791|45000|7220|3000||2789||12900|7025|43/3|12/3|35/6|730
Bombardier Aerospace Business Aircraft|24 D (1973 thru 1975)|Jet|2,950|464|441|99|5,628|45000|6800|3917||2800||13500|6988|43/3|12/3|35/7|1001
Bombardier Aerospace Business Aircraft|24 D (thru'72)|Jet|2,950|477|442|87|840|45000|6800|3917||2703||13500|6803|43/3|12/6|35/6|1001
Bombardier Aerospace Business Aircraft|24 C|Jet|2,950|461|442|88|715|45000|6900|3370||2850||12500|6519|43/3|12/6|35/6|1385
Bombardier Aerospace Business Aircraft|24 B|Jet|2,950|474|437|88|834|45000|6300|3100|2250|3307|1850|13500|6927|43/3|12/7|35/7|1001
Bombardier Aerospace Business Aircraft|24 Twin Jet|Jet|2,850|469|417|90|847|41000|6300|3100|2700|3350|1848|13000|7090|43/2|12/6|35/7|1100
Bombardier Aerospace Business Aircraft|23 Twin Jet|Jet|2,850|488|423|89|828|41000|6900|2940|1820|2800|1400|12500|6700|43/2|12/0|35/7|1000
Cessna Aircraft Company|750 Citation X|Jet|6,400|.92 Mach|511||13,000|51000|3720|5710||3820||35700|21400|72/2|18/9|63/9|3250
Cessna Aircraft Company|680 Citation Sovereign|Jet|5,770|.80 Mach|446||11,216|47000|||3640|2650||30300|17750|63/7|20/5|63/4|2664
Cessna Aircraft Company|650 Citation VII|Jet|4,000|.85 Mach|476|97|7,385|51000|4442|4690||2910||22450|13700|55/5|16/8|53/5|2300
Cessna Aircraft Company|Citation XLS|Jet|3,991|.75 Mach|354||6,740|45000|2460||3560||2739|20200|12600|51/10|17/2|56/4|1724
Cessna Aircraft Company|650 Citation VI|Jet|3,650|473||97|7,385|51000|1520|5150||2900||22000|12775|55/5|16/8|53/5|2345
Cessna Aircraft Company|650 Citation III (SN 100 and up)|Jet|3,650|472|461|97|7,384|51000|3699|5030||2900||22000|11811|55/6|16/9|53/6|2600
Cessna Aircraft Company|650 Citation III (thru SN 099)|Jet|3,650|472||89|7,384|51000|3909|4710||2560||21000|11720|55/6|17/3|53/6|2600
Cessna Aircraft Company|560-XL Citation Excel|Jet|3,786|.76 Mach|429|82|6,590||3090|3460||3315||19200|11310|51/10|17/2|55/8|2027
Cessna Aircraft Company|Citation Encore|Jet|3,400|.755 Mach|427|83|5,440|45000|4500||3490|||16830|9977|48/9|15/2|54/1|1970
Cessna Aircraft Company|560 Citation V Ultra|Jet|3,045|.76 Mach|430|82|5,771||4230|3180||2800||16300|9550|48/11|15/0|52/2|1960
Cessna Aircraft Company|560 Citation V|Jet|2,900||425|85|5,820|45000||3160||2920||15900|8950|48/11|15/0|52/2|
Cessna Aircraft Company|550 Citation Bravo|Jet|2,887|.70 Mach|401|86|4,860||3195|3600||3180||14800|8925|47/2|15/0|52/2|1900
Cessna Aircraft Company|S550 Citation SII|Jet|2,500||403|82|5,820|43000|3000|3240||3050||15000|8049|47/2|15/0|52/2|2104
Cessna Aircraft Company|Citation II 550 (SN 627 & up)|Jet|2,500||385||5008||3050|3450||2414||14100|7706|47/2|15/0|52/2|
Cessna Aircraft Company|Citation II 550 (thru SN 626)|Jet|2,500||385|82|5,008|43000|3370|2990||2270||13300|7388|47/2|15/0|52/2|1930
Cessna Aircraft Company|Citation II 551|Jet|2,500||385|82|5,009|43000|3625|2650||2210||12500|7181|47/2|15/0|52/2|2104
Cessna Aircraft Company|Citation CJ3 525B|Jet|2,820|.737 Mach|351||4,710|45000|2460||3180|2770||13870|8300|50/2|15/2|53/4|1875
Cessna Aircraft Company|Citation CJ2+ 525A|Jet|2,490|.737 Mach|356|86|3,930|45000|4120||3360||2980|12500|7725|47/8|14/0|49/0|1613
Cessna Aircraft Company|Citation CJ2 525A|Jet|2,400|.72 Mach|352||3,930|45000|||3420||2619|12375|7715|47/8|14/0|49/0|1550
Cessna Aircraft Company|Citation CJ1+ 525|Jet|1,965|.71 Mach|353|83|3,220|41000|3290||3250||2590|10700|6765|42/7|13/9|46/11|1300
Cessna Aircraft Company|Citation CJ1 525|Jet|1,900|.71 Mach|329||3,220|41000|||3280||2488|10600|6770|42/7|13/9|46/11|1248
Cessna Aircraft Company|Citationjet 525|Jet|1,900|.71 Mach|380|85|3,220|41000|3311|3080||2750||10400|6550|42/6|13/7|46/8|1485
Cessna Aircraft Company|Citation Mustang 510|Jet|1,350|340||||41000|||3110||2390|||40/7|13/5|43/2|1150
Cessna Aircraft Company|Citation I 500/501 (unit-0470 thru -0677 & on)|Jet|2,200||357|82|3,807|41000|2719|2930||2270||11850|6631|43/6|14/4|47/1|1325
Cessna Aircraft Company|Citation I 500|Jet|2,200||351||3,780|41000|2680|2930*||2270||11850|6684|43/6|14/4|47/1|1325
Cessna Aircraft Company|Citation 500 (SN 303 & up = 11,850 lb gross)|Jet|2,200||348|85|3,780|41000|2900|2660*||2300||11500|6454|43/6|14/4|43/11|1308
Cessna Aircraft Company|Citation 500 (SN 1-70)|Jet|2,200||348|84|3,618|35000|2900|2550*||2310||10850|6350|43/6|14/4|43/9|1064
Cessna Aircraft Company|441 Conquest|Propjet|625|295|283|76|475|35000|2435|2465|1785|1875|1095|9850|5682|39/0|13/2|49/4|2193
Cessna Aircraft Company|425 Conquest I|Propjet|450|263||84|366|33400|1861|2490|2170|2150|955|8600|4948|35/10|12/7|44/1|1248
Cessna Aircraft Company|425 Corsair|Propjet|450|263|250|79|366|34700|2027|2341|2047|2145|952|8200|4915|35/10|12/7|44/1|1461
Cessna Aircraft Company|421C Golden Eagle III ('79 stall=85 mph)|Piston|375|257|241|74|213|30200|1940|2323|1786|2293|720|7450|5048|36/5|12/11|41/1|1197
Cessna Aircraft Company|421B Golden Eagle|Piston|375|245|235|74|175|31000|1850|2387|1860|2178|720|7450|4426|36/1|11/6|41/9|845
Cessna Aircraft Company|421 - A & B|Piston|375|240|227|76|175|26000|1700|2516|2012|2110|1045|6840|4252|33/8|11/4|39/9|826
Cessna Aircraft Company|421 pressurized/turbocharged|Piston|375|240|222|76|170|26000|1700|2516|2012|2110|1045|6800|4237|33/5|11/4|39/9|826
Cessna Aircraft Company|414A II Chancellor (pressurized-turbo) ('78 span=44/3)|Piston|310|235|224|72|213|30800|1520|2595|2185|2393|1013|6750|4543|36/4|11/5|44/1|1099
Cessna Aircraft Company|414 pressurized-turbocharged|Piston|310|239|224|70|102|30100|1580|2350|1695|1865|805|6350|4039|33/9|11/8|39/11|1090
Cessna Aircraft Company|411, A, turbocharged|Piston|340|231|214|72|175|26000|1900|2010|1560|1851|1240|6500|3865|33/5|11/4|39/9|908
Cessna Aircraft Company|404 Titan Ambassador II|Piston|375|232|217|70|348|26000|1575|2367|1788|2130|1100|8400|4965|39/6|13/3|46/4|553
Cessna Aircraft Company|402C Business Liner II|Piston|325|230|213|68|213|26900|1450|2195|1763|2485|1055|6850|4238|36/4|11/5|44/1|875
Cessna Aircraft Company|402B, Business Liner|Piston|300|229|210|70|102|26180|1610|2220|1695|1765|777|6300|4038|36/1|11/8|39/11|1180
Cessna Aircraft Company|402,-A turbocharged|Piston|300|227|209|69|102|26180|1610|2220|1695|1765|777|6300|3719|35/8|11/7|39/9|833
Cessna Aircraft Company|401,-A & B turbocharged|Piston|300|227|209|69|102|26180|1610|2220|1695|1765|777|6300|3674|33/8|11/7|39/9|1102
Cessna Aircraft Company|340 A, II pressurized/turbocharged|Piston|310|243|229|71|102|29800|1650|2175|1615|1850|770|5990|4184|34/4|12/7|38/1|1106
Cessna Aircraft Company|340 pressurized/turbocharged|Piston|285|226|210|71|102|26500|1500|2430|1760|1840|765|5975|3730|34/4|12/6|38/1|1258
Cessna Aircraft Company|335 II nonpressurized/turbocharged|Piston|300|230|215|71|102|26800|1400|2365|1850|1850|770|5990|3963|34/4|12/7|38/1|928
Cessna Aircraft Company|320D-E-F Skyknight turbo (D=5,200 g/w)|Piston|285|239|226|64|102|29000|1924|1515|1190|1734|614|5300|3273|29/6|10/4|36/9|735
Cessna Aircraft Company|320 A-B-C Skyknight turbocharged|Piston|260|229|213|63|102|28100|1820|1584|1050|1910|640|5200|3260|29/6|10/3|36/9|735
Cessna Aircraft Company|320 Skyknight turbocharged|Piston|260|230|204|68|102|28100|1820|1890|870|2056|640|4990|3190|29/5|10/3|36/9|740
Cessna Aircraft Company|T 310 R, II turbocharged|Piston|285|237|223|70|102|27400|1700|1662|1306|1790|640|5500|3723|31/11|10/8|36/11|517
Cessna Aircraft Company|T 310 Q turbocharged|Piston|285|238|225|67|102|28200|1790|1662|1306|1790|640|5500|3292|29/6|10/4|36/9|807
Cessna Aircraft Company|T 310 P turbocharged|Piston|285|239|226|66|102|28600|1862|1590|1250|1790|640|5400|3292|29/3|10/4|36/9|807
Cessna Aircraft Company|310 R, II|Piston|285|207|194|70|102|19750|1662|1700|1335|1790|640|5500|3603|31/11|10/8|36/11|661
Cessna Aircraft Company|310 Q|Piston|260|205|192|63|102|19500|1495|1795|1519|1697|582|5300|3214|29/6|10/4|36/9|680
Cessna Aircraft Company|310 P|Piston|260|206|193|62|102|19900|1540|1716|1451|1673|558|5200|3170|29/2|10/4|36/9|676
Cessna Aircraft Company|310K,L,N (fuel inj.)|Piston|260|206|193|65|102|19900|1540|1716|1451|1582|1002|5200|3125|29/5|9/11|36/11|676
Cessna Aircraft Company|310 I, J (fuel inj.)|Piston|260|207|194|65|102|20300|1590|1640|1385|1540|960|5100|3094|29/6|9/11|36/11|687
Cessna Aircraft Company|310 H (fuel inj.)|Piston|260|209|194|65|102|21100|1690|1545|1920|1900|690|5100|3063|29/5|9/9|37/5|687
Cessna Aircraft Company|310 F,-G (fuel inj.)|Piston|260|210|191|73|102|21300|1800|1395|1120|1720|1265|4990|3049|29/5|9/9|36/9|678
Cessna Aircraft Company|310,-A|Piston|240|191|178|71|102|19500|1700|1375|1120|1710|1285|4600|2850|27/1|10/5|36/1|640
Cessna Aircraft Company|T303 Crusader|Piston|250|216|180|62|155|25000|1480|1750|1275|1450|820|5000|3305|30/5|13/4|38/10|835
Cessna Aircraft Company|T 337 G-P II,H-P, Skymaster pressurized|Piston|225|211|204|62|150|20000|1170|1500|945|1675|795|4700|3184|29/10|9/2|38/2|939
Cessna Aircraft Company|T-337 H-II (prior'79 t/o perf=1,620 & 1,000)|Piston|210|207|200|62|90|20000|1160|1675|1000|1650|700|4630|3038|29/10|9/2|38/2|1080
Cessna Aircraft Company|T 337 E & F Skymaster turbocharged|Piston|210|200|194|61|93|29300|1105|1675|1000|1650|700|4630|2850|29/10|9/4|38/2|920
Cessna Aircraft Company|T 337 D Skymaster turbocharged|Piston|210|201|195|61|93|30100|1155|1595|935|1650|700|4500|2815|29/10|9/4|38/0|920
Cessna Aircraft Company|T 337 C Skymaster turbocharged|Piston|210|201|195|59|93|30100|1155|1595|935|1520|600|4500|2795|29/10|9/4|38/0|920
Cessna Aircraft Company|T 337 B Skymaster turbocharged|Piston|210|202|196|57|93|31000|1250|1490|845|1500|590|4300|2785|29/1|9/4|38/0|920
Cessna Aircraft Company|337 G,H II Skymaster (prior '79 service ceiling=18,000)|Piston|210|172|169|61|90|16300|940|1675|1000|1650|700|4630|2925|29/9|9/4|38/2|1139
Cessna Aircraft Company|337 F Skymaster|Piston|210|173|165|61|93|18000|1100|1675|1000|1650|700|4630|2695|29/9|9/4|38/2|920
Cessna Aircraft Company|337 E Skymaster|Piston|210|173|166|60|93|19300|1180|1565|910|1650|700|4440|2660|29/9|9/4|38/2|922
Cessna Aircraft Company|337 D Skymaster|Piston|210|173|166|60|93|19500|1200|1545|895|1650|700|4400|2655|29/9|9/4|38/0|920
Cessna Aircraft Company|337 C Skymaster|Piston|210|173|166|58|93|19500|1200|1545|895|1520|600|4400|2650|29/9|9/4|38/0|922
Cessna Aircraft Company|337 B Skymaster|Piston|210|174|167|57|93|20000|1250|1490|845|1500|590|4300|2615|29/9|9/4|38/0|922
Cessna Aircraft Company|337,-A, Skymaster|Piston|210|174|167|55|93|20500|1200|1435|805|1465|757|4200|2615|29/9|9/4|38/0|922
Cessna Aircraft Company|336 Skymaster fixed-gear|Piston|210|159|150|52|93|19000|1300|1145|790|1395|575|3900|2320|29/7|9/4|38/0|880
Cessna Aircraft Company|208B Caravan I Super Cargomaster|Propjet|600||171|61|332|21900||2840|1575|1740|915|8750|4550|41/7|14/10|52/1|
Cessna Aircraft Company|208 Caravan I (thru SN 0060=w/o high gross kit)|Propjet|600|183||60|332|27600|1215|1665|970|1550|645|7300|3800|37/7|14/2|51/8|
Cessna Aircraft Company|208 Caravan-675|Propjet|675|182|154|61|335|25000|1234|2053|1160|1655|745|8000|3973|37/6|14/8|52/1|866
Cessna Aircraft Company|208B Grand Caravan|Propjet|675|186|154|61|335|23700|975|2420||1880||8750|4765|41/7|15/6|52/1|810
Cessna Aircraft Company|P210R pressurized|Piston|325|224|212|55|85|25000|1150|2110|1270|1600|825|4100|2471|28/4|9/8|38/10|715
Cessna Aircraft Company|P210N II pressurized ('81=less performance)|Piston|310|201|191|58|90|23000|945|2160|1300|1500|765|4000|2481|28/2|9/8|36/9|661
Cessna Aircraft Company|T210R Turbo Centurion|Piston|325|224|207|55|87|29000|1150|2110|1270|1600|825|4100|2320|28/4|9/8|38/10|715
Cessna Aircraft Company|T210N Turbo Centurion|Piston|310|204|192|58|90|27000|930|2160|1300|1500|765|4000|2303|28/2|9/8|36/9|715
Cessna Aircraft Company|T 210 M Turbo (prior '77 length=28/3, hgt=9/8)|Piston|310|204|197|57|90|28500|1030|1900|1150|1500|765|3800|2306|28/2|9/5|36/9|732
Cessna Aircraft Company|T 210 K,L Turbo (K=9 mph less speed)|Piston|285|205|187|57|90|28500|930|2030|1170|1500|765|3800|2180|28/3|9/8|36/9|732
Cessna Aircraft Company|T 210 G,H & J Turbo Centurion|Piston|285|203|194|55|89|30200|1115|1365|800|1355|625|3400|2050|28/3|9/7|36/9|739
Cessna Aircraft Company|T 210 F Turbo Centurion|Piston|285|200|191|54|65|31300|1280|1265|675|1340|735|3300|1965|28/0|9/9|36/7|539
Cessna Aircraft Company|210R Centurion|Piston|300|175||53|87|16000|1060|2050|1215|1585|815|3850|2220|28/2|9/8|38/10|600
Cessna Aircraft Company|210 M,NII (prior'78=less svc. ceil. & r/o/c=860)|Piston|300|174|170|57|90|17300|950|2030|1250|1500|765|3800|2219|28/2|9/8|36/9|600
Cessna Aircraft Company|210 G, H & J, K, L Centurion|Piston|285|174|167|55|90|18300|1000|1365|800|1355|625|3400|1960|28/3|9/8|36/9|760
Cessna Aircraft Company|210 F Centurion|Piston|285|172|165|54|65|19900|1115|1265|675|1340|735|3300|1865|28/0|9/9|36/7|640
Cessna Aircraft Company|210 D & E Centurion|Piston|285|173|166|53|65|21000|1210|1110|590|1275|700|3100|1860|28/4|9/9|36/7|640
Cessna Aircraft Company|210 B,C Two Ten|Piston|260|170|160|52|65|20300|1270|1210|625|1110|725|3000|1780|27/3|9/7|36/6|680
Cessna Aircraft Company|210 A|Piston|260|173|165|51|65|20700|1300|1135|620|1190|750|2900|1740|27/3|9/7|36/5|700
Cessna Aircraft Company|T 207 (Stationair 7 & 8) '77=eng 310 hp|Piston|310|170|161|59|61|26000|885|1860|1030|1500|765|3800|2254|32/2|9/7|35/10|583
Cessna Aircraft Company|207 Skywagn & Stnair 7&8 (prior'79 lgt=31/9)|Piston|300|150|143|59|61|13300|810|1970|1100|1500|765|3800|2177|32/2|9/7|35/10|612
Cessna Aircraft Company|TU 206G II Stationair 6 (float)|Piston|310|155|135|52|92|25600|835|2790|1810|1750|845|3600|2404|29/8|14/2|35/10|640
Cessna Aircraft Company|TU206 C,-D,-E,-F (float) (prior '71 span=36/7)|Piston|285|157|143|50|65|24200|950|2400|1400|1610|710|3600|2295|28/6|13/11|35/10|626
Cessna Aircraft Company|U206 G II Stationair 6 (float) '79-'82|Piston|300|137|131|51|92|13900|925|2820|1835|1675|780|3500|2342|29/8|14/2|35/10|680
Cessna Aircraft Company|U206G (float) Stationair 6|Piston|300|136|130|53|61|13900|855|2475|1445|1570|695|3500|2312|29/8|14/1|35/10|580
Cessna Aircraft Company|U206E,F, float ('75-'76 specs) '76=+4 gal fuel|Piston|300|136|131|49|65|13900|855|2475|1445|1570|695|3500|2200|28/6|13/11|35/10|510
Cessna Aircraft Company|206C,D, float Skywagon|Piston|300|136|131||65|13900|855|2475|1445|1570|695|3500|2060|28/6|13/11|36/10|510
Cessna Aircraft Company|TU 206E,F (ski) (prior'76=4 gal more fuel)|Piston|285|145|132|61|65|23500|920|||||3300|2165|28/8|9/8|35/10|626
Cessna Aircraft Company|U206 F (ski) Stationair (1976 specs)|Piston|300|121|118|52|61|11500|800|||||3300|2133|28/0|9/8|35/10|510
Cessna Aircraft Company|U206 E,F (ski) Super Skywagon|Piston|300|121|119|52|65|11500|800|||||3300|2065|28/8|9/8|35/10|510
Cessna Aircraft Company|TU 206G (prior'79=12 gal less fuel+9/7 hgt)|Piston|310|174|152|54|92|27000|1010|1640|835|1395|735|3600|2066|28/3|9/4|35/10|640
Cessna Aircraft Company|TU 206E,F Stationair|Piston|285|174|148|53|65|26300|1030|1810|910|1395|735|3600|1935|28/9|9/7|35/10|580
Cessna Aircraft Company|TU 206 A,B,C,D,(A&B length=27/8)|Piston|285|174|160|53|65|26300|1030|1810|910|1395|735|3600|1795|27/8|9/9|36/7|627
Cessna Aircraft Company|U206 F,G II ('75 up) '75 lgt=28/9 + prior'79 less fuel)|Piston|300|156|147|54|92|14800|920|1780|900|1395|735|3600|2002|28/3|9/4|35/10|680
Cessna Aircraft Company|U206B,C,D,E Skywagon (B=lgt 28/0) (E=35/10 span)|Piston|300|151|143|53|65|14800|920|1780|900|1395|735|3600|1725|28/8|9/7|36/7|510
Cessna Aircraft Company|U 206 A|Piston|285|151|142|53|65|14800|920|1810|910|1340|735|3600|1795|27/9|9/9|36/7|555
Cessna Aircraft Company|206, U 206 Super Skywagon|Piston|285|154|144|52|65|16700|1075|1265|675|1340|735|3300|1760|27/9|9/9|36/7|563
Cessna Aircraft Company|TP 206A,B,C,D,E (E=35/10 span) (A=28/0 lgt)|Piston|285|174|160|53|65|26300|1030|1810|910|1395|735|3600|1915|28/3|9/8|36/7|609
Cessna Aircraft Company|T206H Turbo Stationair|Piston|310|178|150|54|92|27000|1050|1740|910|1395|735|3600|2351|28/3|9/4|36/0|713
Cessna Aircraft Company|206H Stationair|Piston|300|151|142|54|92|15700|988|1860|910|1395|735|3600|2351|28/3|9/4|36/0|713
Cessna Aircraft Company|P206A,B,C,D,E (E=35/10 span) (A=28/0 lgt)|Piston|285|151|142|53|65|14800|920|1810|910|1395|735|3600|1820|28/3|9/8|36/7|555
Cessna Aircraft Company|P 206 Super Skylane|Piston|285|154|143|52|65|16700|1075|1265|675|1340|735|3300|1790|28/2|9/8|36/6|565
Cessna Aircraft Company|205-A|Piston|260|145|138|50|65|16100|965|1465|685|1510|625|3300|1750|27/3|9/7|36/6|515
Cessna Aircraft Company|195 B|Piston|275|152|143|54|80|16250|1135|1605||1495||3350|2050|27/3|7/2|36/2|583
Cessna Aircraft Company|195 A|Piston|245|153|139|56|80|16000|1050|1670||1495||3350|2030|27/3|7/2|36/2|603
Cessna Aircraft Company|195|Piston|300|157|148|55|80|16000|1090|1670||1495||3350|2050|27/3|7/2|36/2|600
Cessna Aircraft Company|190|Piston|240|153|139|56|80|16000|1090|1670||1495||3350|2015|27/3|7/2|36/2|610
Cessna Aircraft Company|T 188C Ag Husky (prior'81=4 mph less)|Piston|310|113|106|58|54|14000|510|2060|1290|1265|420|4400|2322|26/6|8/2|41/8|283
Cessna Aircraft Company|A188B Ag Truck ('79 & up) dispersal sys|Piston|300|106|101|57|54|7800|465|2250|1410|1265|420|4200|2230|25/11|8/2|41/8|290
Cessna Aircraft Company|A188B Ag Wagon ('79 & up) dispersal sys|Piston|300|107|103|55|54|8700|525|1965|1250|1265|420|4000|2179|25/11|8/2|40/9|290
Cessna Aircraft Company|A188 Ag Truck restricted ('72-'73=7/10 hgt)|Piston|300|105|98|50|54|11100|690|1090|680|1265|420|4200|2220|26/3|8/0|41/8|290
Cessna Aircraft Company|A188 Ag Wagon restricted (prior'77=7/10 hgt)|Piston|300|105|98|50|37|11100|690|1090|680|1265|420|4000|2189|26/3|8/0|40/9|278
Cessna Aircraft Company|188 Ag Pickup fixed-prop ('73-'75) restricted|Piston|230|91|78|50|37|6500|400|1920|1120|1265|420|3800|1900|25/3|7/10|40/9|204
Cessna Aircraft Company|188 Ag Pickup fixed-prop ('72) restricted|Piston|230|94|83|50|37|7700|460|1740|1040|1265|420|3800|1835|25/3|7/9|40/9|204
Cessna Aircraft Company|A188,A,B, Ag Wagon ('66-'71) normal|Piston|300|131|123|50|37|15700|940|970|610|1265|420|3300|1845|26/3|7/4|40/4|278
Cessna Aircraft Company|188A,B Ag Wagon ('67-'71) fixed-prop normal|Piston|230|103|101|50|37|13000|710|1365|845|1265|420|3300|1815|25/3|7/4|40/4|204
Cessna Aircraft Company|185 F Amph (water) prior '79 = 4-8 gal less fuel|Piston|300|136|130|50|88|16100|950|1710|1125|1480|775|3100|2253|27/6|12/8|35/10|500
Cessna Aircraft Company|A185 F (float) (prior '79 = 4-8 gal less fuel)|Piston|300|141|134|52|88|16400|960|2125|1430|1565|830|3320|1998|27/0|12/2|35/10|522
Cessna Aircraft Company|A185 F (ski) (prior '79=less fuel) '77-78 lgt=27/11|Piston|300|136|131|49|88|15500|860|||||3350|1842|27/10|7/9|35/10|522
Cessna Aircraft Company|A185 F II Skywagon (prior '81=less perform)|Piston|300|155|145|49|88|17900|1075|1430|825|1400|610|3350|1750|25/8|7/9|35/10|645
Cessna Aircraft Company|A 185 E Skywagon|Piston|300|155|147|51|65|17500|1040|1330|745|1400|480|3350|1565|25/6|7/9|36/2|470
Cessna Aircraft Company|185 E Skywagon|Piston|300|153|145|54|65|16900|950|1290|725|1285|625|3300|1560|25/6|7/7|36/2|470
Cessna Aircraft Company|185 A,B,C,D Skywagon|Piston|260|153|145|54|65|17300|1000|1510|650|1265|610|3200|1520|25/5|7/6|36/0|561
Cessna Aircraft Company|R182 II RG Turbo Skylane|Piston|235|187|173|50|92|20000|1040|1570|820|1320|600|3100|1846|28/8|8/11|35/10|845
Cessna Aircraft Company|R182-RG II Skylane (optl EGT required on svc. ceil.)|Piston|235|160|156|50|92|18000|1140|1570|820|1320|600|3100|1809|28/8|8/11|35/10|845
Cessna Aircraft Company|T-182R II Turbo Skylane|Piston|235|168|157|49|92|20000|965|1475|790|1350|590|3100|1781|28/5|9/3|35/10|743
Cessna Aircraft Company|T182T Turbo Skylane|Piston|235|176|159|49|92|20000|1040|1385|775|1350|590|3100|2075|29/0|9/4|36/0|971
Cessna Aircraft Company|182T Skylane|Piston|230|150|145|49|92|18100|924|1514|795|1350|590|3100|1970|29/0|9/4|36/0|930
Cessna Aircraft Company|182S ('97 & up)|Piston|230|143|140|46|88|18100|924|1625|795|1280|540|3110|1882|28/0|9/3|16/0|813
Cessna Aircraft Company|182R II (1981 & up)|Piston|230|146|142|49|92|14900|865|1515|805|1350|590|3100|1775|28/0|9/3|35/10|817
Cessna Aircraft Company|182P,Q (prior '79 = 8-12 gal less fuel) thru'80|Piston|230|148|143|50|92|16500|1010|1350|705|1350|590|2950|1754|28/0|9/3|35/10|817
Cessna Aircraft Company|182 N Skylane|Piston|230|146|139|50|65|17700|890|1350|705|1350|590|2950|1640|28/1|8/9|35/10|550
Cessna Aircraft Company|182 J,K,L,M Skylane (M lgt=28/1, hgt=8/9)|Piston|230|148|141|48|65|18900|980|1205|625|1350|590|2800|1620|28/5|8/1|36/2|550
Cessna Aircraft Company|182 E,F,G,H|Piston|230|148|141|48|65|18900|980|1205|625|1350|590|2800|1610|27/4|9/0|36/2|550
Cessna Aircraft Company|182 A,B,C,D (D=more fuel & bigger)|Piston|230|148|141|54|55|19800|1030|1080|620|1310|610|2650|1560|26/0|8/5|36/0|450
Cessna Aircraft Company|182|Piston|230|143|135|54|55|20100|1120|1020|620|1290|610|2550|1540|26/0|8/5|36/0|443
Cessna Aircraft Company|180K-'78 up (amphib & float=27/0 length & 12/2 height)|Piston|230|137|123|48|88|15300|970|1900|1160|1720|735|2950|2204|27/6|12/8|35/10|804
Cessna Aircraft Company|180J,K amphib prior'76=4 gal more fuel (range w/80 gal fuel)|Piston|230|137|123|48|61|16000|990|2070|1280|1720|735|2950|2110|27/6|12/8|35/10|804
Cessna Aircraft Company|180J,K (float) prior '76 lgt=27/8 (range w/80)|Piston|230|137|123|48|61|16000|990|2070|1280|1720|735|2950|1955|27/0|12/2|35/10|804
Cessna Aircraft Company|180J,K (ski) (prior'79=15,600 serv. ceil, less fuel)|Piston|230|137|123|48|88|14700|910|||||2800|1790|28/10|7/9|35/10|804
Cessna Aircraft Company|180J,K (J=19,600 service ceiling)|Piston|230|148|141|48|88|17700|1100|1205|625|1365|480|2800|1701|25/8|7/9|35/10|804
Cessna Aircraft Company|180 G,-H|Piston|230|148|141|50|65|19600|1090|1205|625|1365|480|2800|1525|25/6|7/6|36/2|622
Cessna Aircraft Company|180 A,-B,-C,-D,-E,-F|Piston|230|148|139|54|55|21500|1130|1080|615|1330|460|2650|1555|26/0|7/5|36/0|513
Cessna Aircraft Company|180|Piston|225|144|137|51|55|21200|1110|1095|610|1310|450|2550|1540|26/0|7/5|36/0|513
Cessna Aircraft Company|177 RG Cardinal (1972-'78)|Piston|200|157|149|50|61|17100|925|1585|890|1350|730|2800|1765|27/3|8/7|35/6|500
Cessna Aircraft Company|177 RG Cardinal|Piston|200|153|144|50|51|16900|860|1585|890|1350|730|2800|1630|27/3|8/7|35/6|506
Cessna Aircraft Company|177 B Cardinal (1975-'78 specs)|Piston|180|139|130|46|50|14600|840|1400|750|1220|600|2500|1643|27/3|8/7|35/6|490
Cessna Aircraft Company|177 B (thru'74)'70-'71 lgt=27/0 & hgt=9/1|Piston|180|133|123|46|50|14600|840|1400|750|1220|600|2500|1485|27/3|8/7|35/6|417
Cessna Aircraft Company|177 A Cardinal|Piston|180|130|120|49|49|15800|760|1575|845|1220|435|2500|1440|27/0|9/1|35/7|410
Cessna Aircraft Company|177 Cardinal|Piston|150|125|117|46|49|12700|670|1575|845|1135|400|2350|1415|27/0|9/1|35/7|591
Cessna Aircraft Company|175 C|Piston|175|123|118|56|52|14500|790|1450|835|1170|690|2450|1325|25/0|8/5|36/0|589
Cessna Aircraft Company|175,-A,-B|Piston|175|128|121|54|52|15900|850|1340|735|1155|590|2350|1312|25/0|8/5|36/0|593
Cessna Aircraft Company|172 RG II Cutlass|Piston|180|144|140|50|66|16800|800|1775|1060|1340|625|2650|1627|27/5|8/10|35/10|720
Cessna Aircraft Company|172 Q Cutlass|Piston|180|123|122|48|54|17000|680|1690|960|1335|575|2550|1480|26/11|8/10|36/1|475
Cessna Aircraft Company|R172K/Hawk XP ('77 t/o ground run=850)|Piston|195|132|130|47|52|17000|870|1360|800|1345|635|2550|1572|27/2|8/10|35/10|570
Cessna Aircraft Company|172S Skyhawk SP|Piston|180|126|124|48|56|14000|730|1630|960|1335|575|2550|1663|27/2|8/11|36/1|638
Cessna Aircraft Company|172 Skyhawk ('97 & up)|piston|160|123|122|47|53|13500|720|1685|945|1295|550|2457|1600|26/11|8/11|36/1|580
Cessna Aircraft Company|172 P II Skyhawk|Piston|160|123|120|46|43|13000|700|1625|890|1280|540|2400|1454|26/11|8/10|35/10|440
Cessna Aircraft Company|172N/Hawk 100 thru '80('77 t/o gr. run=820)|Piston|160|124|122|44|43|14200|770|1390|775|1250|520|2300|1430|26/11|8/10|35/10|440
Cessna Aircraft Company|172 M Skyhawk ('76=4 mph more speed)|Piston|150|122|115|44|42|13100|645|1525|865|1250|520|2300|1335|26/11|8/10|35/10|435
Cessna Aircraft Company|172 K & L Skyhawk|Piston|150|122|115|43|42|13100|645|1525|865|1250|520|2300|1315|26/11|8/9|35/9|417
Cessna Aircraft Company|R172K/Hawk XP (floats)|Piston|195|117|116|44|52|15500|870|1850|1135|1390|675|2550|1834|26/10|12/5|35/10|539
Cessna Aircraft Company|172N-P/Hawk 100 (float plane 1978 & up)|Piston|160|96|95|44|43|15000|740|2160|1400|1345|590|2220|1632|26/8|11/11|35/10|440
Cessna Aircraft Company|172 M (float plane 1974-76)|Piston|150|98|97|44|42|12000|715|2390|1620|1345|590|2220|1574|27/0|9/11|35/10|435
Cessna Aircraft Company|172 M (float plane 1973)|Piston|150|94|92|45|42|12000|580|2390|1620|1345|590|2220|1450|27/0|9/11|35/9|435
Cessna Aircraft Company|172 K & L float plane|Piston|150|94|92|45|42|12000|580|2390|1620|1345|590|2220|1405|26/7|10/0|35/9|418
Cessna Aircraft Company|172 I Skyhawk|Piston|150|122|115|43|42|13100|645|1525|865|1250|520|2300|1300|26/11|8/11|36/2|515
Cessna Aircraft Company|172,-D,-E,-F,-G,-H|Piston|145|121|114|43|42|13100|645|1525|865|1250|520|2300|1330|26/6|8/11|36/2|515
Cessna Aircraft Company|172 C|Piston|145|121|114|43|42|14200|675|1450|900|1200|600|2250|1330|26/5|8/6|36/0|515
Cessna Aircraft Company|172 B|Piston|145|122|114|51|42|15100|730|1370|875|1115|600|2200|1325|26/5|8/6|36/0|515
Cessna Aircraft Company|172,-A|Piston|145|117|108|50|37|13300|660|1650|950|1115|600|2200|1260|25/0|8/5|36/0|420
Cessna Aircraft Company|170,-A,-B|Piston|145|122|104|50|42|15500|690|1820||1145||2200|1205|25/0|6/5|36/0|410
Cessna Aircraft Company|152,A152 (w/conical wing tips)A=2 mph less|Piston|110|110|107|43|26|14700|715|1340|725|1200|475|1670|1141|24/1|8/6|33/2|315
Cessna Aircraft Company|150M, A150M (Aerobat span=32/9)|Piston|100|109|106|42|26|14000|670|1385|735|1075|445|1600|1104|23/11|8/6|33/2|303
Cessna Aircraft Company|150 L ('71 height=8/8)|Piston|100|106|102|42|26|12650|670|1385|735|1075|445|1600|1060|23/9|8/0|33/2|303
Cessna Aircraft Company|A 150 L Aerobat (1974)|Piston|100|108|103|42|26|14000|670|1385|735|1075|445|1600|1040|23/9|8/0|32/9|303
Cessna Aircraft Company|A 150 K,L Aerobat (1971-73)'71 height=8/8|Piston|100|104|100|42|26|12650|670|1385|735|1075|445|1600|1020|23/9|8/0|32/9|303
Cessna Aircraft Company|150 H,J,K (K=8/8 height)|Piston|100|106|102|42|26|12650|670|1385|735|1075|445|1600|1065|23/9|8/0|32/9|303
Cessna Aircraft Company|150 J float plane|Piston|100|90|85|43|26|10700|560|2075|1310|850|415|1650|1120|24/1|9/1|32/9|276
Cessna Aircraft Company|150 D,-E,-F,-G|Piston|100|109|102|43|26|12650|670|1375|735|1075|445|1600|970|23/9|8/5|32/8|303
Cessna Aircraft Company|150 A,-B,-C|Piston|100|108|105|43|26|15300|740|1205|680|1055|360|1500|965|21/1|6/1|33/4|320
Cessna Aircraft Company|150|Piston|100|108|104|47|26|15300|740|1205|680|1055|360|1500|962|21/0|6/1|33/4|318
Cessna Aircraft Company|140 A|Piston|90|103|90|46|21|15600|640|1850|650|1530|460|1500|850|20/9|6/3|33/3|315
Cessna Aircraft Company|140|Piston|85|102|88|46|21|15100|620|1950|750|1530|460|1500|850|20/9|6/3|33/3|315
Cessna Aircraft Company|120|Piston|85|104|100|43|25|15500|640|1850|650|1530|460|1450|818|20/9|6/3|32/8|390
Cirrus Design Corporation|SR20|Piston|200||160 kts|54|56|||1958|1341|2044|1014|3000|2050|26/3|9/3|35/7|800
Cirrus Design Corporation|SR22|Piston|310||180 kts|59|81|||1575|1020|2325|1140|3400|2250|26|9/2|38/5|1000+
Columbia Aircraft Mfg|Columbia 400 LC-41|Piston|310|235|181|57|106|25000||1250|700|2350|1150|3600|2500|25/2|9|35/8|1300
Columbia Aircraft Mfg|Columbia 350 LC-42|Piston|310|235|179|57|106|18000||1250|700|2350|1150|3400|2.300|25/2|9|35/8|1300
Columbia Aircraft Mfg|Columbia 300 LC-40|Piston|310|235|190|57|106|18000||1250|700|2350|1550|3400|2250|25/2|9|36|1300
Commander Premier Aircraft|155TC|Piston|270|197|187|59|90|25000|1050|2223|1408|1312|734|3305|2152|24/11|8/7|32/10|870
Commander Premier Aircraft|115|Piston|265|164|149|54|90|16800|1070|1985|1145|1200|720|3250|2102|24/11|8/7|32/10|1005
Commander Premier Aircraft|114TC|Piston|270|197|177|59|90|25000|1050|2223|1408|1312|734|3305|2151|24/11|8/5|32/9|870
Commander Premier Aircraft|114A, Gran Turismo|Piston|260|166|157|54|68|16500|1030|2150||1200||3260|2070|25/1|8/5|32/9|665
Commander Premier Aircraft|114,('76-24/10 length + less performance)|Piston|260|166|157|55|68|17400|1088|1990||1200||3140|1905|25/1|8/5|32/9|665
Commander Premier Aircraft|112TC,-A,Alpine|Piston|210|170|163|54|48|20000|914|1750||1275||2950|2035|25/1|8/5|35/7|620
Commander Premier Aircraft|112B|Piston|200|150|142|51|48|15050|950|1829||1039||2800|1773|25/1|8/5|35/7|575
Commander Premier Aircraft|112A|Piston|200|149|140|54|48|13900|1020|1585||1310||2650|1691|24/10|8/5|32/9|569
Commander Premier Aircraft|112|Piston|200|152|143|53|60|17000|1000|1460|880|1310|680|2550|1530|24/11|8/5|32/9|750
Cubcrafters, Inc.|Top Cub|Piston|180|132|110|42|54|18000|800||580||580|2300|1200|23/6|8/5|35/2|555
Cubcrafters, Inc.|Sport Cub|Piston|100|122|103|27|25|18000|790|975|415|1040|245|1320|825|23/3|8/4|34/2|434
Dassault Falcon Jet|Falcon 900EX|Jet|5,000||||||4000|5035||2385||48500|23875|66/4|24/9|63/15|4500
Dassault Falcon Jet|Falcon 900 B (3-eng fan jet)|Jet|4,750|513|459|81|19,165|41000|4000|4950||3500||45500|22573|66/4|24/9|63/5|4400
Dassault Falcon Jet|Falcon 900 (3-eng fan jet)|Jet|4,500|513|459|81|19,165|39000|3500|5300||3500||45500|22573|66/4|24/9|63/5|4200
Dassault Falcon Jet|Falcon Fan Jet 50 (3-eng fan jet)|Jet|3,700|518|430|77|15,520|41000|3430|4700||2800||38800|21100|60/9|22/11|61/10|3500
Dassault Falcon Jet|Falcon Fan Jet 2000|Jet|5,918||480||12,155|47000||5475||2565||35200|19890|66/4|23/2|63/5|3000
Dassault Falcon Jet|2000EX|Jet|7,000|.86 Mach|.80 Mach||16,600|42000|||5875||2615|42400|23190|66/4|23/2|63/5|3800
Dassault Falcon Jet|Falcon 200|Jet|5,200|521|435|89|10,684|39000|3065|5260||2860||32000|18800|56/3|17/6|53/6|2500
Dassault Falcon Jet|Falcon Fan Jet C 20|Jet|4,125|530|457|90|8,420|42000|3500|3800||2940||26455|16600|56/3|17/4|53/6|1200
Dassault Falcon Jet|Falcon Fan Jet D 20|Jet|4,250|512|457|90|8,980|42000|3500|6400||4850||27337|15400|56/3|17/5|53/6|1630
Dassault Falcon Jet|Falcon Fan Jet F 20 (thru 1975)|Jet|4,315|530|458|84.5|9,250|42000|3300|5000||3300||28660|15970|56/3|17/5|53/6|1610
Dassault Falcon Jet|Falcon F 20|Jet|4,500|530|410|88|9,098|37000|3330|4950||2450||28660|17500|56/3|17/6|53/6|1614
Dassault Falcon Jet|Falcon 100|Jet|3,230|513|459|84|5,912|39000|4600|4615||2750||19300|11200|45/6|15/2|42/11|1828
Dassault Falcon Jet|Falcon Fan Jet 10|Jet|3,230|513|459|88|5,912|45000|4600|4615||2750||18740|10800|45/6|15/2|42/11|1828
Dassault Falcon Jet|Falcon Fan Jet 10 ('76-'77)|Jet|3,230|459|426|92|5,910|45000|4200|4300||3300||18300|10800|45/4|14/6|42/11|1800
De Havilland|DHC 6-300 Twin Otter Std. + '77-'78=less perf.|Propjet|620|182|170|58|2,583|26700|1600|1500|860|1940|950|12500|6881|51/9|19/6|65/0|300
De Havilland|DHC 6-300 Twin Otter (thru 1976)|Propjet|620|182|171|64|2,457|26700|1600|1940|860|1940|950|12500|7487|51/9|18/7|65/0|300
De Havilland|DHC 6-200 Twin Otter|Propjet|579|165|150|57|2,457|24300|1300|1900|579|1995|1125|11579|7250|51/9|18/7|65/0|
Diamond Aircraft|Twin Star Diamond DA42|Piston|135|194|172|56|52|18000|1280|1730|1130|1877|1069|3935|2765|28/1|8/2|44/6|1129
Diamond Aircraft|Katana DA20-A1|Piston|81|161|117|37|20||680|1560|1120|1490|748|1609|1095|23/6|6/11|35/7|526
Diamond Aircraft|Katana DA20-C1|Piston|125|163|132|34|25||1105|1263|952|1235|550|1654|1166|23/6|7/2|35/8|422
Diamond Aircraft|Eclipse DA20-C1|Piston|125||140kts|44kcas|24|||1470|1106|1280|581|1720|1166|23/6|7/2|35/8|
Diamond Aircraft|Star DA40-180|Piston|180||145kts|49kts|41|||1150||||2535||26/3|6/6|39/4|600nm
EADS Socata Aircraft|TBM 850|Propjet|850|320|255||1,887|31000|1380|2840||2430||7394|4698|34/11|14/4|41/7|1520
EADS Socata Aircraft|TBM 700C2|Propjet|700|345|333||1,887|31000|1500||2832||2427|7394|4651|34/11|14/4|41/7|1360
EADS Socata Aircraft|TBM 700|Propjet|700|300|291|61|1,887|30000|2380|1591|1017|2034|1181|6579|4050|34/11|14/4|41/7|1563
EADS Socata Aircraft|TB-21 TC Trinidad|Piston|250|200|187|54|86|25000|1125|1953|1193|1750|755|3083|1795|25/4|9/4|32/6|
EADS Socata Aircraft|TB-20 Trinidad|Piston|250|167|160|54|86|20000|1260|1953|1193|1750|755|3083|1744|25/4|9/4|32/6|1100
EADS Socata Aircraft|TB-200XL|Piston|200||115||55|16000|937|1561||1474||2535|1642|25/5|9/11|32/10|637
EADS Socata Aircraft|TB-10 Tobago|Piston|180|132|117|51|54|13000|790|1657|1066|1394|623|2535|1477|25/0|10/6|32/0|
EADS Socata Aircraft|TB-9 Tampico Club|Piston|160||106|50|41.7|11000|738|1706||1378||2337|1411|25/3|9/11|32/0|
Eagle|DW-1 (ag plane)|Piston|300|100|57|48|40|||2257|1421|||5400|2650|27/6|10/11|55/0|
Eclipse Aviation|Eclipse 500|Jet|900|.64 Mach|426|69|1,686|41000|3314|2297||2155||5920|3550|33/6|11/0|37/11|1300
Embraer Aircraft - Empresa Brasileira|Legacy EMB-135BJ|Jet|7,987|.80 Mach|||18,170|41000|||5453||2306|49604|29994|86/5|22/2|68/11|3361
Embraer Aircraft - Empresa Brasileira|Phenom 300|Jet|3,200|.78 Mach|450|||45000|||3700||||||||1800
Embraer Aircraft - Empresa Brasileira|Phenom 100|Jet|1,615|.70 Mach|380|||41000|||3400||||||||1320
Embraer Aircraft - Empresa Brasileira|EMB-110P1A Bandeirante (specs=110P1/41)|Propjet|750|221|181|71|440|21500|1650|4000||4400||13007|8007|49/6|16/6|50/3|
Eurofox, Rollison LSA Inc|Eurofox|Piston|100|164|120|46|23|14000|1000||260|||1235|644|18/7|7/5|29/11|600
Excalibur Aviation|Excalibur '800' conv. Beech Twin Bonanza|Piston|400|226|213|71|230|22200|1870|1525|1220|1940|1360|7600|5100|31/5|11/3|46/0|
Excalibur Aviation|Excalibur conv. Beech Twin Bonanza|Piston|380|239|226|71|230|30000|1900|1225|980|1840|1288|7300|4500|31/5|11/3|46/0|
Excalibur Aviation|Queen Air '800' conv. Beech 65,A65,70,80|Piston|400|213|201|68|230|22200|1535|1706|1365|2176|1525|8000|5400|N/C|N/C|N/C|
Excalibur Aviation|Queen Air '8800' conv. Beech A80,B80|Piston|400|213|201|70|264|20000|1490|2050|1365|2450|1525|8800|5800|N/C|N/C|N/C|
Fairchild M7 Aerospace|Metro III,A|Propjet|1,000|280|248|88|648|29900|2635|3495||||14500|8737|59/4|16/8|57/0|1827
Fairchild M7 Aerospace|Metro, II (prior '79 height=16/10)|Propjet|940wet||256|86|648|27000|2400|2050|1900|1970|1460|12500|8000|59/4|16/8|46/3|1250
Fairchild M7 Aerospace|Merlin IV C (SN AT-423 & up)|Propjet|1,000|278|248|88|648|29900|2635|3340||2970||14500|9200|59/4|16/8|57/0|2040
Fairchild M7 Aerospace|Merlin IV C|Propjet|1000 dry|283|261|87|648|30000|2440|2850||2532||14000|9100|59/4|16/8|57/0|2040
Fairchild M7 Aerospace|Merlin IV, A|Propjet|840|270||86|544|27000|2400|2050|1600|1970|1460|12500|8200|59/4|16/8|46/3|1815
Fairchild M7 Aerospace|Fairchild 300|Propjet|900|303|264|92|648|29400|2650|3080||2805||13230|8200|42/2|16/9|47/11|2178
Fairchild M7 Aerospace|Merlin III C, III C-41 (13,230 gross)|Propjet|900|300|265|92|648|27000|2650|2920||3530||13230|8150|42/2|16/10|46/3|2025
Fairchild M7 Aerospace|Merlin III C-23 (12,500 gross) (SN TT426 & up)|Propjet|900|303|264|89|648|29400|2800|2400||3360||12500|8090|42/2|16/10|46/3|2025
Fairchild M7 Aerospace|Merlin III B|Propjet|900|309|295|89|648|31400|2780|2970||3240||12500|7800|42/2|16/10|46/3|2025
Fairchild M7 Aerospace|Merlin III A|Propjet|840|283||83|648|28900|2530|2150|1900|1570|1140|12500|7600|42/2|16/10|46/3|2670
Fairchild M7 Aerospace|Merlin II B|Propjet|665||257|76|386|29900|2780|2970||3240||10000|6150|40/1|14/4|45/10|1318
Fairchild M7 Aerospace|Merlin II A|Propjet|550||235|75|386|31000|1950|2300||2380||9800|6075|40/1|14/4|45/10|1250
Flight Design USA|CTSW|Piston|100|120|112|39|34|14000|960||300||450|1320|649|20/4|7/11|28|1080
Gobosh Aviation|800XP|Piston|100|145|119|35|29|13200|850|1050|520|1100|550|1320|760|20/4|6/11|31/6|730
Gobosh Aviation|700S|Piston|100|133|116|36|18.5|13200|850|1450|380|1410|656|1320|820|20/6|7/4|20/6|400
Gulfstream Aerospace|G V|Jet|14,750|516|459||41,000|51000||5870||2950||89400|46800|96/5|25/4|93/6|6500
Gulfstream Aerospace|G550|Jet|15,385|.885 Mach|.85 Mach||40,994|51000|||5910||2770|91000|47900|96/5|25/10|93/6|6750
Gulfstream Aerospace|G500|Jet|15,385|.885 Mach|.85 Mach||34,939|51000|||5150||2770|85100|47600|96/5|25/10|93/6|58000
Gulfstream Aerospace|G IVSP|Jet|13,850|505|459|115|29,500|45000|4122|5450||3190||75000|42500|88/4|24/5|77/10|4220
Gulfstream Aerospace|G IV|Jet|13,850|510|459|108|29,500|45000|4219|5265||3393||73200|42500|88/4|24/5|77/10|4420
Gulfstream Aerospace|G400|Jet|13,850|.88 Mach|.80 Mach||29,280|45000|||5450||3190|75000|43900|88/4|24/5|77/10|3976
Gulfstream Aerospace|G300|Jet|13,850|.88 Mach|.80 Mach||26,700|45000|||5100||2650|71300|43000|88/4|24/5|77/10|3526
Gulfstream Aerospace|G450|Jet|13,850|.88 Mach|.80 Mach||29,280|45000|||5450||3260|73900|42600|89/4|25/2|77/10|4350
Gulfstream Aerospace|G350|Jet|13,850|.88 Mach|.80 Mach||26000|45000|||5050||3260|70900|42300|89/4|25/2|77/10|3800
Gulfstream Aerospace|GIII (G1159A)|Jet|11,400|503|459|104|28,300|45000|4049|5115||3250||69700|38000|83/1|24/4|77/10|3767
Gulfstream Aerospace|G200|Jet|6,040|.85 Mach|.80 mach||15,000|45000|395||6083||3280|35450|19800|62/3|21/5|58/1|3400
Gulfstream Aerospace|GII-B (G1159-B)|Jet|11,400|503|459|103|28,300|45000|4049|5115||3250||69700|38150|79/11|24/6|77/10|3680
Gulfstream Aerospace|GII (G1159) with tip tanks|Jet|11,400|503|459|103|26,800|45000|4240|5750||3168|3500|65500|37186|79/11|24/6|72/6|2795
Gulfstream Aerospace|GII (G1159)|Jet|11,400|503|459|108|23,300|45000|4345|5625||3198||64800|36544|79/11|24/6|68/11|2592
Gulfstream Aerospace|G150|Jet|4,420|.85 Mach|.80 Mach||10,300|45000|||5000||2880|26100|14950|56/9|19/1|55/7|2954
Gulfstream Aerospace|G100|Jet|4,250|.88 Mach|.80 Mach||9,365|45000|||5395||2920|24650|13950|54/10|18/4|54/7|2950
Gulfstream Aerospace|GI (G-159) ceiling quoted w/APU|Propjet|1,950|340|299|87|10,463|30000|1900||4850||2770|36000|23008|63/9|23/4|78/4|2164
Hawker Beechcraft|Hawker Horizon 4000|Jet|6,900|.84 Mach|422||14,600|42900|||4509||2916|37500|21775|69/2|19/7|61/9|3400
Hawker Beechcraft|Hawker 1000|Jet|5,225||452||11,440|43000|3577|6000||||31000||53/9|17/1|51/4|
Hawker Beechcraft|Hawker 800|Jet|4,300|463|432||10,000|41000|3500|4900||3650||27400|15120|51/2|17/7|51/4|
Hawker Beechcraft|Hawker 850 XP Pro Line|Jet|4,660|.80 mach|402||10,000|39000|||5032||2650|28000|15670|51/2|18/1|54/4|2522
Hawker Beechcraft|Hawker 400XP|Jet|2,965|.78 Mach|414||4,912|43450|||3906||3514|16300|10500|48/5|13/11|43/6|1565
Hawker Beechcraft|HS125-700,A (Hawk-Sidd mfg) ('77=24,200 gross)|Jet|3,700|443|400|87|9,450|41000|3000|5800||3600||24800|14150|50/9|17/7|47/0|
Hawker Beechcraft|BH-125-600 (Beech mfg)|Jet|3,750|456|435|83|9,450|41000|4500|4850|3710|2125|1165|25000|12865|50/6|17/3|47/0|
Hawker Beechcraft|BH-124-400A (Beech mfg)|Jet|3,360|443|385|77|9,100|41000|3100|5000|3440|1990|1140|23300|11920|47/5|16/6|47/0|
Hawker Beechcraft|DH-125-3A-RA|Jet|3,360|443|385|79|9,100|41000|4150|3800|1990|2450|970|22700|12000|47/5|16/6|47/0|
IAI|Astra SPX|Jet|4,250|430|||9,365|45000||||||24650||55/7|18/4|54/7|2700
IAI|Astra SP|Jet|3,700||430||9,381|45000||||||23500||55/7|18/2|52/8|3104
IAI|1125 Westwind/Astra|Jet|3,700||397||9,381|45000||5400||2450||23500||55/7|18/2|52/8|3104
IAI|1124A Westwind 2|Jet|3,700|476|415|89|9,580|45000|3500|5250|4200|2350|1850|23500|12800|52/3|15/9|44/9|2904
IAI|1124 Westwind 1|Jet|3,700|471|426|90|8,710|45000|3200|4950|3900|2450|1838|22850|12500|52/3|15/9|44/9|2440
IAI|1123 Commodore Jet|Jet|3,100|471|426|87|8,620|45000|4040|5750|4600|2900|2275|20700|11500|52/3|15/9|44/8|1450
IAI|1121 B Jet Commander|Jet|2,950|471|426|84|7,350|45000|5000|5450|4360|3900|2800|18500|10500|50/5|15/9|43/3|1100
IAI|1121 Jet Commander|Jet|2,850|471|426|82|6,250|40000|4400|5400|4320|3900|1603|17500|10500|50/5|15/9|43/3|950
Jabiru USA Sport Aircraft, LLC|J250-SP|Piston|120|125|120|39|36|15000|700||700||640|1320|780|21/5|7/10|30/0|840
Jabiru USA Sport Aircraft, LLC|J230-SP|Piston|120|130|120|39|35|15000|700||700||640|1320|800|21/5|7/10|32/5|800
Jabiru USA Sport Aircraft, LLC|J170-SP|Piston|80|115|100|38|35|15000|||459||492|1320|680|19/0|7/6|31/8|1030
Lake Aircraft|LA-4 Amphibian|Piston|180|122|114|39|40|13000|800|1275|650|900|475|2400|1555|24/11|9/4|38/0|296
Lake Aircraft|C-IV Amphibian|Piston|180|123|117|45|30|13500|800|1375|650|900|475|2350|1520|23/6|8/1|34/0|305
Lake Aircraft|C-1 Amphibian|Piston|150|109|97|50|30|9500|700|1550|750|900|475|2150|1450|23/6|8/1|34/0|320
Lake Aircraft|LA-4 Seaplane|Piston|180|125|122|39|40|13500|1000|1250|960|||2400|1345|24/11|8/5|38/0|296
Lake Aircraft|LA-4 Turbo-Lake|Piston|180|149|143|39|40|20000|800|1275|650|900|475|2400|1575|24/11|9/4|38/0|543
Lake Aircraft|LA-4-200 Buccaneer (land specs) 1973 & prior|Piston|200||130|39|40|14700|1200|875|660|900|475|2600|1535|24/11|9/4|38/0|455
Lake Aircraft|LA-4-200 Buccaneer (land specs)|Piston|200|135|130|39|40|14700|1200|1050|600|950|475|2690|1555|24/11|9/4|38/0|455
Lake Aircraft|LA4/200EP|Piston|200||127|39|48|12500|980|||||2690|1660|25/0|9/4|38/0|800
Lake Aircraft|LA/250 Renegade|Piston|250||122|53|85|12500|900|||||3140|1850|28/1|10/0|38/0|1000
Lake Aircraft|LA-270 Turbo Seafury|Piston|270|203|155|49|48|27000|900||880||475|3140|2075|28/4|10/1|38/4|1100
Liberty Aerospace Inc.|XL2|Piston|125|162|125|49|30||682|1496|822|1519|841|1750|1160|20/4|7/5|28/9|505
Lockheed Martin Aircraft|Jetstar II|Jet|3,700|490|438||2,660|43000|4200||6200|3020||43750||60/5|20/5|54/5|2770
Lockheed Martin Aircraft|Jetstar -8|Jet|3,300|496|435|106|2,660|43000|4050|||3440||41900|20999|60/5|20/5|54/5|
Lockheed Martin Aircraft|Jetstar -6|Jet|3,000|489|427||2,660|43000|||3750||2600|40921||60/5|20/5|54/5|
Luscombe Aircraft (Quartz Mountain Aero)|8 F|Piston|90|96|83|37|25|16000|660|1850|850|1540|450|1400|870|20/0|6/3|35/0|273
Luscombe Aircraft (Quartz Mountain Aero)|8 E|Piston|85|91|83|37|30|15500|640|1850|850|1540|450|1400|791|19/8|6/1|34/7|346
Luscombe Aircraft (Quartz Mountain Aero)|8 A|Piston|65|91|78|37|14|14000|550|1950|1050|1540|450|1260|750|19/8|6/1|34/7|182
Machen Inc.|Superstar II (600 series Aerostar)|Piston|350|300|252|||25000|2010|2040|1710|||Orig||Orig|Orig|Orig|900
Machen Inc.|Superstar I (601P Aerostar)|Piston|325|260|250|77|165||1955|1980|1700|2076|1217|Orig|+200|Orig|Orig|Orig|1137
Machen Inc.|350 Turbo A-36 Bonanza|Piston|350|230|213||44|25000|1517|||1450|840|Orig|+65|Orig|Orig|Orig|
Machen Inc.|350 Turbo V-35B Bonanza|Piston|350|235|217||44|25000|1700|||1177|647|Orig|+35|Orig|Orig|Orig|
Maule Air Inc.|MX-7-160|Piston|160||135|40|40|13000|825|1180|600|500||2200|1330|23/5|6/3|32/9|540
Maule Air Inc.|MX-7-180A|Piston|180||140|40|40|15000|920|1150|550|500||2400|1350|23/5|6/3|32.9|500
Maule Air Inc.|M-7-260|Piston|260||142|34|73|20000|1650|600|250|500||2500|1610|23/6|8/4|32/11|
Maule Air Inc.|M-7-235|Piston|235||148|30|40|20000|1350|600|125|600||2500|1500|22/9|6/4|33/2|478
Maule Air Inc.|M-6 (Land plane)|Piston|235|157|129|38|40|20000|1900|540|150|540||2500|1425|23/6|6/4|33/2|360
Maule Air Inc.|M-5-235C|Piston|235||150|33|40|20000|1350|600|150|600|300|2300|1400|23/6|6/4|30/10|360
Maule Air Inc.|M-5-220C Lunar Rocket|Piston|220|157|150|33|42|19000|1250|585|150|600|200|2300|1300|23/2|6/4|30/10|485
Maule Air Inc.|M-5-210TC (turbocharged)|Piston|210||170|33|40|20000|1250|600|150|600||2300|1400|22/9|6/4|30/10|430
Maule Air Inc.|M-5-210C Lunar Rocket|Piston|210|157|137|33|40|18000|1250|600|150|600|200|2300|1350|22/9|6/4|30/10|345
Maule Air Inc.|M-5-180C|Piston|180||136|33|40|15000|900|800|200|600||2300|1300|22/9|6/4|30/10|525
Maule Air Inc.|M-4-220C Strata Rocket|Piston|220|157|152|35|42|19000|1250|600|400|650|500|2300|1280|22/0|6/2|29/8|530
Maule Air Inc.|M-4-210 C Rocket|Piston|210|157|143|35|42|18000|1250|585|380|600|450|2100|1250|22/0|6/2|29/8|500
Maule Air Inc.|M-4-180-C Astro Rocket|Piston|180|148|135|35|42|17000|1000|700||600||2300|1250|22/6|6/2|29/8|525
Maule Air Inc.|M-4 & M-4C Jetasen|Piston|145|157|130|35|42|12000|700|900|700|600|450|2100|1100|22/0|6/2|29/8|750
Melex USA, Inc.|M18 Dromader (ag plane)|Piston|967|151|109|54|106|25000|1400||624|1600|700|9300|5500|31/2|12/0|58/0|
Mitsubishi Diamond|MU-300 Diamond II|Jet|2,900|456|438||4,260|41000|3180|3950||2930||15780|9925|48/5|13/10|43/6|1530
Mitsubishi Diamond|MU-300 Diamond IA|Jet|2,500|430|400|77|4,260|41000|3050|3850||2800||14630|9410|48/5|13/10|43/6|1513
Mitsubishi Diamond|MU-300 Diamond I|Jet|2,500|434|410|77|646|41000|3000|4100||2700||13890|8300|48/4|13/9|43/5|1510
Mitsubishi Diamond|Marquise (MU-2B-60)|Propjet|778|309|296|77|403|29750|2200|2170|1825|1880|1128|11575|7650|39/5|13/8|39/2|1391
Mitsubishi Diamond|Solitaire (MU-2B-40)|Propjet|727|322|313|73|403|33500|2350|1800|1550|1600|960|10470|7010|33/3|12/11|39/2|1600
Mitsubishi Diamond|MU-2M,-2P (-2P empty weight=7,025)|Propjet|724|317|304|73|364|32200|2840|1800|1530|1600|960|10470|6864|33/3|12/11|39/2|1250
Mitsubishi Diamond|MU-2L,-2N (-2N empty weight=7,760)|Propjet|776|296|283|77|364|29600|2630|2170|1845|1880|1128|11575|7570|39/5|13/8|39/2|1200
Mitsubishi Diamond|MU-2K|Propjet|724|317|270|71|366|33200|3100|1700|1445|1490|1090|9920|5920|33/3|12/11|39/2|1175
Mitsubishi Diamond|MU-2J|Propjet|724|300|265|73|366|30800|2690|1870|1500|1670|1060|10800|6800|39/5|13/8|39/2|1150
Mitsubishi Diamond|MU-2G|Propjet|705|283|261|73|366|27000|2590|1890|1500|1670|1050|10800|6700|39/5|13/8|39/2|1100
Mitsubishi Diamond|MU-2F|Propjet|705|296|270|71|366|30400|2875|1700|1445|1320|750|9920|5790|33/3|12/11|39/2|1150
Mitsubishi Diamond|MU-2B,-2D (-2D=9,350 gross weight)|Propjet|605|261||64|285|26000|2000|1600|1360|1100|780|8930|5730|33/3|13/0|39/2|880
Mooney Aircraft|TLS (M20M)|Piston|270|236|223|58|96|25000|1230|2050|1080|2600|1200|3368|2353|26/11|8/4|36/1|
Mooney Aircraft|Ovation (MS20R)|Piston|280|197|191|60|95|21000|1200|1700|900|1600|1000|3368|2200|26/9|8/4|36/1|900
Mooney Aircraft|PFM (M20L)|Piston|217|161||57|61|19300|1030|2550|1300|1910|800|2900|2003|26/11|8/4|36/1|
Mooney Aircraft|M-22 pressurized|Piston|310|217|200|60|92|24000|1120|2079|1142|1549|958|3680|2380|26/1|9/1|35/0|813
Mooney Aircraft|M20S Eagle 2|Piston|244|195|145|59|75|18500|||2550|||3300|2194|26/11|8/4|36/1|980
Mooney Aircraft|Encore (MS20K)|Piston|220|213|197|60|80|25000|1300|2000|1300|2320|1100|3100|2000|25/5|8/4|36/1|1100
Mooney Aircraft|252TSE (M20K)|Piston|210|219|201|59|75|28000|1080|2200|1250|2300|1140|2900|1800|25/5|8/4|36/1|980
Mooney Aircraft|205 (M20J)|Piston|200|178|171|54|64|18600|1060|1700|900|1600|677|2740|1710|24/8|8/4|36/1|690
Mooney Aircraft|231 (M20K) turbocharged|Piston|210|201|191|57|75|24000|1080|2060|1220|2280|1147|2900|1800|25/5|8/4|36/1|980
Mooney Aircraft|201 (M20J) (prior'81 wing span=35/0)|Piston|200|175|170|53|64|18800|1030|1550|880|1550|770|2740|1671|24/8|8/4|36/1|690
Mooney Aircraft|M-20F Executive 21 (prior'74=17,900 ceiling)|Piston|200|161|156|54|64|18800|1055|1385|879|1786|785|2740|1640|24/0|8/4|35/0|734
Mooney Aircraft|M-20-E Chaparral (prior'74=18,800 ceiling)|Piston|200|165|160|50|52|21200|1125|1550|760|1550|595|2575|1600|23/2|8/4|35/0|601
Mooney Aircraft|M-20-G Statesman|Piston|180|155|147|50|52|17000|875|1250|815|1670|595|2525|1585|24/3|8/4|35/0|627
Mooney Aircraft|M-20C Ranger ('77-'78)|Piston|180|147|143|50|52|16500|800|1395|815|1610|595|2575|1525|23/2|8/4|35/0|659
Mooney Aircraft|M-20-C Ranger thru '76 (prior '74 = 17,500 service ceiling)|Piston|180|153|150|50|52|19500|860|1395|815|1550|595|2575|1525|23/2|8/4|35/0|659
Mooney Aircraft|M-20-E Super 21 Chaparral|Piston|200|171|163|50|52|18800|1110|1300|760|1365|595|2575|1575|23/2|8/4|35/0|601
Mooney Aircraft|M-20-C Mark 21|Piston|180|165|158|50|52|17200|800|1250|815|1550|595|2575|1525|23/2|8/4|35/0|659
Mooney Aircraft|M-20-B Mark 21|Piston|180|165|158|50|52|18500|1150|1050|775|1100|600|2450|1525|23/2|8/4|35/0|745
Mooney Aircraft|M-20-A Mark 20A|Piston|180|165|157|50|35|20000|1150|1050|775|1100|600|2450|1440|23/1|8/3|35/0|513
Mooney Aircraft|M-20-Mark 20|Piston|150|149|143|50|35|17200|900|1150|870|1100|600|2450|1415|23/1|8/3|35/0|655
Mooney Aircraft|M-20-D Master|Piston|180|128|117|50|52|13600|740|1125|750|1100|585|2500|1455|23/2|8/4|35/0|715
Mooney Aircraft|M-10 Cadet|Piston|90|103|96|40|24|12500|835|953|334|1016|431|1450|950|20/8|7/8|30/0|484
Mooney Aircraft|A 2-A Cadet|Piston|90|112|108|39|24|17300|640|1250|540|1350|350|1450|950|20/0|6/3|30/0|456
Mooney Aircraft|M18 Mite|Piston|65|123|109|37|12|19400|1000|1000|750|1000|600|850|575|17/7|6/2|26/1|
Navion Aircraft International|H-Rangemaster (1975-'76)|Piston|285|177|166|48|40|21500|1375|980|737|980|763|3315|2000|27/5|8/6|34/9|335
Navion Aircraft International|G,G-1 Rangemaster (G=3,150 gross weight)|Piston|260|160|156|51|108|20500|1150|980|785|980|425|3315|1925|27/5|8/5|34/5|1043
Navion Aircraft International|B|Piston|260|165|147|57|40|16600|1110|1100|800|1100|468|2850|1950|27/3|8/5|33/3|340
Navion Aircraft International|A|Piston|205|142|135|57|40|15600|1050|900|561|1100|450|2750|1782|27/3|8/5|33/3|430
Piaggio America|Avanti P180|Propjet|850|400||90|2,630|41000|3000|2630||2650||10810|7200|47/3|13/1|46/0|1746
Pilatus Business Aircraft|PC-12|Propjet|1200|270|265|64|402|30000|1680|2300|1475|1830|945|9920|5732|47/3|14/0|53/3|2261
Piper Aircraft|PA-42-1000 Cheyenne 400LS|Propjet|1000|351|334||3,819|41000|3242|1930||2280||12050|7856|43/5|17/0|47/8|1879
Piper Aircraft|PA-42-720 Cheyenne III A|Propjet|720|312|288|89|578|35840|2380|2280|1465|3043|1914|11200|6837|43/5|14/9|47/8|1722
Piper Aircraft|PA-42-720 Cheyenne III (prior'82=8 gal less fuel)|Propjet|720|290|275|87|390|32000|2236|3230|2560|3017|1770|11200|6389|43/5|14/9|47/8|1515
Piper Aircraft|PA-31T-620 XL Cheyenne IIXL ('82-'83 specs)|Propjet|620|275|270|77|382|32400|1750|2940|2042|2446|1571|9474|5164|36/8|12/9|42/8|1336
Piper Aircraft|A-31T-620 Cheyenne II|Propjet|620|283|269|75|382|31600|2710|1980|1410|2480|1430|9000|5018|34/8|12/9|42/8|1444
Piper Aircraft|PA-31T IA Cheyenne IA|Propjet|500|261|247|71|366|28200|1750|2444|1429|2263|1589|8700|5110|34/8|12/9|42/8|861
Piper Aircraft|PA-31T-500-I Cheyenne I (prior '80 less preform)|Propjet|500|248|236|72|300|28200|1750|2444|1429|2263|1589|8700|4907|34/8|12/9|40/8|883
Piper Aircraft|PA-31 P Press Navajo (prior'77=6 gal more fuel)|Piston|425|243|220|73|186|29000|1740|2200|1440|2700|1370|7800|5004|34/5|13/3|40/7|690
Piper Aircraft|PA-31P-350 Mojave|Piston|350|242|220|75|238|26500|1220|3035|2190|2305|1395|7200|5070|34/6|13/0|44/8|1190
Piper Aircraft|PA-31-350 Chieftain ('81=optional fuel)|Piston|350|230|211|74|182|24000|1120|2510|1350|1880|1045|7000|4221|34/7|13/0|40/8|883
Piper Aircraft|PA-31-325 Navajo C/R ('81=optional fuel)|Piston|325|228|220|70|183|24000|1220|2250|1000|1818|906|6500|4099|32/7|13/9|40/8|899
Piper Aircraft|PA-31-310 Turbo Navajo B,C (prior '80 less fuel)|Piston|310|227|194|70|187|24000|1220|2160|1040|1818|906|6500|4003|32/7|12/0|40/8|965
Piper Aircraft|PA-31-310 Turbo Navajo|Piston|310|226|215|62|150|26300|1395|1760|890|1690|1115|6500|3842|32/5|13/0|40/6|840
Piper Aircraft|PA-31-300 Navajo|Piston|300|195|183|61|150|20500|1440|1950|930|1690|1115|6200|3605|32/6|13/0|40/6|753
Piper Aircraft|PA-23 F Turbo Aztec (prior'77=7 gal more fuel)|Piston|250||215|55|137|24000|1470|1980|1190|1585|951|5200|3323|31/2|10/1|37/4|565
Piper Aircraft|PA-23 E Turbo Aztec (1971 length=30/2)|Piston|250|220|197|59|144|30000|1530|1250|820|1250|850|5200|3229|31/2|10/3|37/2|620
Piper Aircraft|PA-23 F Aztec (prior '77=7 gal more fuel)|Piston|250||178|55|137|17600|1400|1980|1190|1585|951|5200|3184|31/2|10/1|37/4|680
Piper Aircraft|PA-23 D,E Aztec (prior '72 length=30/2)|Piston|250|188|183|59|144|21100|1490|1250|820|1250|850|5200|3042|31/2|10/3|37/2|722
Piper Aircraft|PA-23 C,D Turbo Aztec (C=4 gal more fuel)|Piston|250|223|205|59|140|30000|1490|1250|820|1250|850|5200|3123|30/2|10/3|37/2|645
Piper Aircraft|PA-23 C Aztec|Piston|250|188|179|59|144|19800|1490|1250|820|1680|860|5200|2933|30/2|10/3|37/1|758
Piper Aircraft|PA-23, B Aztec (B=30/2 length)|Piston|250|187|178|54|144|22500|1650|1100|750|1260|900|4800|2900|27/7|10/3|37/1|770
Piper Aircraft|PA34-180, Seneca V|Piston|220|205|174|61|122|25000||1825|1525|2700|1400|4750|3375|28/6|9/9|38/9|700
Piper Aircraft|PA34-220T, Seneca IV|Piston|220|196|191|64|123|25000|1400|1210||1978||4750|3314|28/6|9/9|38/9|
Piper Aircraft|PA-34-220T Seneca III (roc=t/o power)|Piston|220|196|178|64|93|25000|1400|1210|920|1978|1400|4750|2852|28/6|9/9|38/9|725
Piper Aircraft|PA-34-200T C/R Turbo Seneca II|Piston|200|196|177|62|93|25000|1340|1240|870|2110|1380|4570|2841|28/7|9/11|38/11|725
Piper Aircraft|PA-34 C/R Seneca (1973-'74)|Piston|200|170|162|60|100|17900|1360|1420|1000|1335|705|4200|2623|28/6|9/11|38/11|685
Piper Aircraft|PA-34-200 C/R Seneca (1972)|Piston|200|170|162|58|100|20000|1460|1140|750|1335|705|4000|2586|28/6|9/11|38/11|685
Piper Aircraft|PA-44-180T Turbo Seminole|Piston|180|195|183|56|108|20000|1290|1500|900|1400|590|3925|2461|27/7|8/6|38/7|850
Piper Aircraft|PA-44-180 Seminole|Piston|180|202|157|55|108|15000|1340|1520|880|1238|590|3800|2406|27/6|8/5|38/6|681
Piper Aircraft|PA-39 C/R Turbo Twin Comanche|Piston|160|214|192|61|120|25000|1290|1590|990|1900|725|3725|2416|25/2|8/2|36/8|1188
Piper Aircraft|PA-39 C/R Twin Comanche|Piston|160|178|172|61|90|20000|1460|1530|940|1870|700|3600|2270|25/2|8/2|36/0|785
Piper Aircraft|PA-30 C Turbo Twin Comanche|Piston|160|214|209|60|120|30000|1290|1590|990|1900|1250|3725|2416|25/1|8/2|36/8|1100
Piper Aircraft|PA-30 C Twin Comanche|Piston|160|178|172|60|90|20000|1460|1530|940|1870|1215|3600|2270|25/1|8/2|36/0|785
Piper Aircraft|PA-30 B Turbo Twin Comanche|Piston|160|209|194|60|120|30000|1460|1570|950|1875|700|3725|2408|25/1|7/3|36/8|1100
Piper Aircraft|PA-30,B Twin Comanche|Piston|160|178|169|60|90|18600|1460|1570|950|1875|700|3600|2210|25/1|7/3|36/0|770
Piper Aircraft|PA-23-235 Apache|Piston|235|176|166|54|144|17200|1450|1280|830|1360|950|4800|2735|27/7|10/3|37/1|710
Piper Aircraft|PA-23-160 G,-H Apache|Piston|160|159|150|53|72|17000|1260|1550|1190|1360|750|3800|2230|27/4|9/6|37/1|616
Piper Aircraft|PA-23-150 Apache|Piston|150|157|148|51|72|17000|1250|1600|1190|1360|670|3500|2180|27/4|9/6|37/1|603
Piper Aircraft|PA46-500TP Meridian|Propjet|500|260|245|69|1,139|30000|1556|2438|1650|2110|1020|5092|3417|29/7|11/4|43/0|1000
Piper Aircraft|PA-46-350P Malibu Mirage|Piston|350|232|201|60|120|25000|1218|2375|1530|1964|1018|4300|2790|28/6|11/5|43/0|1261
Piper Aircraft|PA-46-310P Malibu|Piston|310|203|187|50|120|25000|1143|2025|1440|1800|1070|4100|2460|28/5|11/4|43/0|1261
Piper Aircraft|PA-24-400 Comanche|Piston|400|194|185|59|100|19500|1600|1500|980|1820|1180|3600|2110|25/8|7/1|36/0|756
Piper Aircraft|PA-24-C 260 Comanche|Piston|260|170|161|53|60|19500|1320|1400|820|1200|690|3200|1773|25/8|7/3|36/0|628
Piper Aircraft|PA-24-260,B-260 (24-260=2,900 gross weight)|Piston|260|169|158|53|60|20000|1370|1040|760|1015|655|3100|1728|25/3|7/3|36/0|638
Piper Aircraft|PA-24-250 Comanche|Piston|250|165|157|53|60|20000|1350|1650|750|1025|600|2800|1690|24/1|7/3|36/0|630
Piper Aircraft|PA-24-180 Comanche|Piston|180|145|139|53|60|18500|910|2240|750|1025|600|2550|1530|24/9|7/3|36/0|730
Piper Aircraft|PA-32R-301T Saratoga II TC|Pistion|300|192|177|60|102|20000|1119|1800|1200|1520|640|3600|2464|27/9|8/6|36/2|822
Piper Aircraft|PA-32R-301 Saratoga II HP|Piston|300|175|166|61|102|15588||1770|1220|1520|640|3600|2411|27/11|8/6|36/2|859
Piper Aircraft|PA-32R-301T Turbo Saratoga SP (3-bld prop)|Piston|300|195|177|57|102|20000|1120|1420|960|1725|732|3600|2078|28/2|8/2|36/2|784
Piper Aircraft|PA-32R-301 Saratoga SP (3-blade prop)|Piston|300|163|158|57|102|15588|1116|1573|1013|1612|732|3600|1999|27/8|8/2|36/2|784
Piper Aircraft|PA32-301XTC|Piston|300|172|161|59|102|20000||1888|1397|1822|911|3600|2286|27/10|9/6|36/2|931
Piper Aircraft|PA32-301FT 6X|Piston|300|155|148|59|102|17200||2028|1284|1822|911|3600|2222|27/10|9/6|36/2|804
Piper Aircraft|PA-32RT-300T Turbo Lance II|Piston|300|189|175|61|94|20000|1050|1875|1410|1760|1050|3600|2071|29/0|9/6|32/10|648
Piper Aircraft|PA-32R,RT II-300 Lance ('76=height 8/2)|Piston|300|165|156|61|94|15400|1000|2360|1450|1710|880|3600|1968|28/4|9/6|32/10|748
Piper Aircraft|PA-32-301T Turbo Saratoga (2-blade prop)|Piston|300|178|165|58|102|20000|1075|1590|1110|1725|732|3600|2003|28/2|8/2|36/2|627
Piper Aircraft|PA-32-301 Saratoga (2-blade prop)|Piston|300|152|150|58|102|14100|990|1759|1183|1612|732|3600|1940|27/8|8/2|36/2|745
Piper Aircraft|PA-32-300 '73-74 hgt=7/9 ('79 fuel=94 gal)|Piston|300|156|151|55|50|17100|1050|1350|900|1000|630|3400|1846|27/8|8/2|32/10|744
Piper Aircraft|PA-32-300,B,C,D,E Cherokee Six (thru '72)|Piston|300|151|146|55|50|16250|1050|1500|1050|1000|630|3400|1789|27/7|7/9|32/8|673
Piper Aircraft|PA-32-260 ('74-'78) 1974 height=7/9|Piston|260|148|137|55|84|12800|775|1800|1200|1000|640|3400|1784|27/7|8/2|32/8|834
Piper Aircraft|PA-32-260,C,D,E & '73 (c/s prop)|Piston|260|144|137|55|50|14500|850|1240|740|1000|630|3400|1706|27/7|7/9|32/8|834
Piper Aircraft|PA-28-236 Dakota|Piston|235|148|143|56|72|17500|1110|1216|886|1725|825|3000|1608|24/8|7/2|35/5|650
Piper Aircraft|PA-28-201T Turbo Dakota|Piston|200|162|154|59|72|20000|902|1402|963|1697|861|2900|1579|25/0|7/7|35/0|591
Piper Aircraft|PA-28-235 Pathfinder|Piston|235|140|126|53|62|13550|800|1260|800|1740|1040|3000|1592|24/1|7/5|32/0|485
Piper Aircraft|PA-28-235 Charger|Piston|235|140|132|57|84|12000|800|1260|800|1740|1040|3000|1550|24/1|7/8|32/0|690
Piper Aircraft|PA-28-235 C & D, E & F|Piston|235|144|136|52|84|14500|825|1360|800|1300|680|2900|1467|23/7|7/3|32/0|710
Piper Aircraft|PA-28-235 B Cherokee|Piston|235|144|136|52|50|14500|825|1040|600|1060|550|2900|1435|23/8|7/3|32/0|408
Piper Aircraft|PA-28R-,RT-,201T Turbo Arrow III, IV|Piston|200|177|172|61|72|20000|940|1620|1110|1555|645|2900|1692|27/4|8/4|35/5|695
Piper Aircraft|PA28R-201 Arrow III, 28RT-201 Arrow IV|Piston|200|149|138|55|72|16200|831|1600|1025|1525|615|2750|1637|24/7|7/9|35/4|695
Piper Aircraft|PA-28-200R Arrow II (1973-'76)|Piston|200|152|143|56|50|15000|900|1800|1025|1380|780|2650|1523|24/6|8/0|32/0|600
Piper Aircraft|PA-28-200 R & RB Arrow|Piston|200|153|144|56|50|16000|910|1600|770|1380|780|2600|1459|24/2|8/0|30/0|600
Piper Aircraft|PA-28-180 R & RB Arrow|Piston|180|148|141|53|50|15000|875|1240|820|1340|776|2500|1380|24/2|8/0|30/0|550
Piper Aircraft|PA-28-181 Archer II ('79-'81=15,000 service ceiling)|Piston|180|129|125|49|48|13236|667|1210|870|1390|925|2550|1416|24/0|7/3|35/5|565
Piper Aircraft|PA-28 180 Challenger & Archer|Piston|180|129|123|53|50|14150|725|1625|720|1185|635|2450|1395|24/0|7/8|32/0|507
Piper Aircraft|PA-28 D 180,E,F,G (G=13,000 service ceiling)|Piston|180|132|124|50|50|16400|750|1620|720|1150|600|2400|1310|23/5|7/3|30/0|510
Piper Aircraft|PA-28 B,C 180 Cherokee (C=15,700 svc. ceiling)|Piston|180|132|124|50|50|16400|750|1620|720|1150|600|2400|1230|23/3|7/3|30/0|510
Piper Aircraft|PA-28 C 160 Cherokee|Piston|160|127|119|48|50|15800|730|1650|740|890|550|2200|1215|23/3|7/3|30/0|703
Piper Aircraft|PA-28 C 150 Cherokee|Piston|150|125|117|47|50|14900|690|1700|780|890|535|2150|1210|23/3|7/3|30/0|690
Piper Aircraft|PA-28 160,B 160 Cherokee|Piston|160|120|109|48|36|15000|700|1700|740|890|550|2200|1210|23/3|7/3|30/0|440
Piper Aircraft|PA-28 150,B 150 Cherokee|Piston|150|118|107|47|36|14300|660|1750|780|890|535|2150|1205|23/3|7/3|30/0|435
Piper Aircraft|PA-28-161 Warrior II ('79-'81=14,000 svc. ceil)|Piston|160|126|118|44|48|11000|644|1650|975|1160|595|2325|1344|23/8|7/3|35/0|525
Piper Aircraft|PA-28-151 Warrior (prior '77 stall=58)|Piston|150|117|110|44|48|12700|649|1760|1065|1115|595|2325|1336|23/8|7/3|35/0|626
Piper Aircraft|PA-28 140 Cherokee Cruiser|Piston|150|124|110|48|36|10950|631|1700|800|1080|535|2150|1290|23/3|7/3|30/0|455
Piper Aircraft|PA-28 140 B,C,D,E (B=23/4 lgt + 7/4 hgt)|Piston|150|123|117|48|36|14300|660|1700|800|1080|535|2150|1237|23/3|7/3|30/0|480
Piper Aircraft|PA-28 140-4 Cherokee (high gross)|Piston|150|121|113|47|36|14300|660|1220|800|870|535|2150|1180|23/3|7/3|30/0|457
Piper Aircraft|PA-28 140 Cherokee (low gross)|Piston|150|125|117|45|36|15000|820|1150|725|850|485|1950|1180|23/3|7/3|30/0|457
Piper Aircraft|PA-38 Tomahawk (prior'80 svc ceil=12,000)|Piston|112|109|108|49|30|13000|718|1460|820|1544|707|1670|1128|23/1|9/1|34/0|384
Piper Aircraft|PA-36-375 Brave (spray restr. category)|Piston|375|120|104||86||550|1765|1220|1200|630|4800|2514|27/6|7/6|38/0|380
Piper Aircraft|PA-36-300 Brave (spray restr. category)|Piston|300|110|103||86||375|2090|1350|1470|715|4400|2290|26/10|7/6|38/10|491
Piper Aircraft|PA-36-285 Brave (normal category)|Piston|285|131|128|54|87|13000|790|1410|875|1650|700|3900|2140|27/4|7/5|39/0|660
Piper Aircraft|PA-25-260 C,D Pawnee (normal) c/spd prop|Piston|260|111|101|53|38|15800|775|1200|660|1105|850|2900|1488|24/7|7/2|36/2|230
Piper Aircraft|PA-25 235 C,D Pawnee (normal category)|Piston|235|108|99|53|36|14500|700|1350|785|1105|850|2900|1576|24/8|7/2|36/2|222
Piper Aircraft|PA-25 150 Pawnee|Piston|150|98|83|50|42|11300|505|1370|625|930|400|2300|1100|24/7|7/2|36/2|400
Piper Aircraft|PA-22 160 Tri-Pacer|Piston|160|123|117|42|36|16500|800|1480|1035|1280|650|2000|1110|20/5|8/3|29/3|435
Piper Aircraft|PA-22 150 Tri-Pacer|Piston|150|122|113|43|36|16000|750|1600|1120|1280|650|1950|1060|20/4|8/3|29/3|430
Piper Aircraft|PA-22 135 Tri-Pacer|Piston|135|119|107|42|36|15000|620|1600|1120|1280|650|1850|1060|20/4|8/3|29/3|470
Piper Aircraft|PA-22 108 Colt|Piston|108|104|94|47|36|12000|610|1500|950|1250|500|1650|940|20/0|6/3|30/0|415
Piper Aircraft|PA-20 135 Pacer|Piston|135|121|109|42|36|15000|620|1600|1120|1280|780|1950|1020|20/4|6/1|29/3|470
Piper Aircraft|PA-20 125 Pacer|Piston|125|117|103|41|36|13750|550|1725|1210|1280|780|1800|1005|20/4|6/1|29/3|450
Piper Aircraft|PA-18 150 Super Cub|Piston|150|113|100|37|36|19000|960|500|200|885|350|1750|983|22/6|6/8|35/4|400
Piper Aircraft|PA-18-150 Super Cub (float) (thru'76)|Piston|150|100|90|37|36|17500|830|990|700|730|430|1760|1190|23/9|10/3|35/3|365
Piper Aircraft|PA-18 135 Super Cub|Piston|135|106|95|37|36|17250|870|750|525|725|350|1750|878|22/5|6/7|35/3|470
Piper Aircraft|PA-18 125 Super Cub|Piston|125|109|97|36|36|18500|940|650|420|725|350|1500|845|22/5|6/7|35/3|450
Piper Aircraft|PA-18 95 Super Cub|Piston|90|97|87|37|18|15750|710|1150|452|800|385|1500|800|22/5|6/6|35/3|230
Piper Aircraft|PA-16 Clipper|Piston|115|109|97|43|36|13500|600|925|720|875|600|1650|850|20/1|6/2|29/2|368
Piper Aircraft|PA-14 Cruiser|Piston|115|107|96|40|30|12500|600|965|720|850|470|1850|1020|23/1|6/4|35/4|364
Piper Aircraft|PA-12 Super Cruiser|Piston|100|100|91|43|30|12300|575|720|410|470|360|1750|990|22/9|6/9|35/4|360
Piper Aircraft|PA-11|Piston|90|197|87|35|18|18000|900|700|350|470|290|1220|730|22/4|6/8|35/2|230
Piper Aircraft|J-3 Cub|Piston|65|76|65|33|9|11500|450|730|370|470|290|1220|680|22/4|6/8|35/2|146
RAM Aircraft LP|RAM 421CW (W = winglets)|Piston|375|230|223|||||||||7560|+54|Orig|Orig|44/0|
RAM Aircraft LP|RAM 414AW-V (V = liquid-cooled)|Piston|350|240|230|||||||||7105|+237|Orig|Orig|44/0|
RAM Aircraft LP|RAM 414AV-VII|Piston|335|238|228|||||||||7105||Orig|Orig|44/0|
RAM Aircraft LP|RAM 414A-VII (no winglets)|Piston|335|232|225|||||||||7105||Orig|Orig|Orig|
RAM Aircraft LP|RAM 414AW-IV (W = winglets)|Piston|325|223|208|||||||||7105|+37|Orig|Orig|44/0|
RAM Aircraft LP|RAM 414A-IV, III or Super Ram|Piston|325|215|200|||||||||7105|NC|Orig|Orig|Orig|
RAM Aircraft LP|RAM 414-IV, III or Super Ram|Piston|325|215|200|||||||||6510|NC|Orig|Orig|Orig|
RAM Aircraft LP|RAM 414-VI|Piston|335|218|205|||||||||6765||Orig|Orig|Orig|
RAM Aircraft LP|RAM 414-II (39| MP)|Piston|310|316|297|||||||||6510|NC|Orig|Orig|Orig
RAM Aircraft LP|RAM 340/340A-VI|Piston|335|228|210|||||||||6390||Orig|Orig|Orig|
RAM Aircraft LP|RAM 340/340A-IV,III or Super Ram|Piston|325|225|207|||||||||6290|NC|Orig|Orig|Orig|
RAM Aircraft LP|RAM 340/340A-II (39| MP)|Piston|310|220|203|||||||||6140|NC|Orig|Orig|Orig
RAM Aircraft LP|RAM CT310P,Q,R /320-IV|Piston|325|244|215|||||||||5670||Orig|Orig|Orig|
RAM Aircraft LP|RAM CT310P,Q,R /320-I|Piston|310|217|205|||||||||5670||Orig|Orig|Orig|
RAM Aircraft LP|RAM T310-IV (-P & -Q) / 320-IV|Piston|325|244|215|||||||||5670|NC|Orig|Orig|Orig|
RAM Aircraft LP|RAM T310-I (-P & -Q)|Piston|300|316|299|||||||||5700|NC|Orig|Orig|Orig|
RAM Aircraft LP|RAM T210 (G-J)|Piston|310|+5|+7|||||||||NC|NC|Orig|Orig|Orig|
RAM Aircraft LP|RAM T206-I (A-F)|Piston|310|+5|+7|||||||||NC|NC|Orig|Orig|Orig|
RAM Aircraft LP|RAM 172 (1963-'76)|Piston|160|+3|+4|||||||||NC|NC|Orig|Orig|Orig|
RAM Aircraft LP|RAM PA 28-140/151|Piston|160|+3|+4|||||||||NC|NC|Orig|Orig|Orig|
Remos Aircraft, Inc.|G3|Piston|100|120|113|39|22|15000|1300|600|330||590|1320|625|21/5|5/6|32/4|550
Riley Super Skyrocket|Jet Prop 421 C|Propjet|850|310||||30000|4000|||||||Orig|Orig|Orig|
Riley Super Skyrocket|Jet Prop 421 (Cessna 421 conversion)|Propjet|600|260|222||1,940|30000|2500||1000|2250|250|7450||Orig|Orig|Orig|
Riley Super Skyrocket|414 Rocket (Cessna 414 conversion)|Piston|400|261|243||240|30000|2250|||||6825||Orig|Orig|Orig|
Riley Super Skyrocket|340 Rocket (Cessna 340 conversion)|Piston|350|252|240||203|30000|2150|||1840||6290||Orig|Orig|Orig|
Riley Super Skyrocket|Super 340 (Cessna 340 conversion)|Piston|310|252|235|70|100|32000|1800|1950|1500|1840|1760|5975|+22lb|Orig|Orig|Orig|
Riley Super Skyrocket|TurboStream (Cessna 310 & 320 conv) 350hp|Piston|350|283|261|73|100|35000|2900|1340|1000|1790|640|5400|+150 lb|Orig|Orig|Orig|
Riley Super Skyrocket|TurboStream (Cessna 310 & 320 conv) 310hp|Piston|310|274|252|73|100|35000|2100|1440|1100|1790|640|5400|+150 lb|Orig|Orig|Orig|
Riley Super Skyrocket|Turbo Rocket (Cessna 310 conversion)|Piston|290|270|263|62|170|35000|2200|985||1750||4830|3300|Orig|Orig|Orig|
Riley Super Skyrocket|Rocket (Cessna 310 conversion)|Piston|290|230|219|62|170|22500|2000|985||1750||4830|3100|Orig|Orig|Orig|
Rocket Engineering / JetPROP LLC|305 Rocket|TSIO 520|305|230|215|60|75|24000|1800|1200|800|1500|900|3200|2070|25/5|8/4|36/1|900
Rocket Engineering / JetPROP LLC|300 Missle|IO550|300|185|180|60|64|18800|1700|1200|800|1500|900|3200|2010|25/5|8/4|36/1|767
Rocket Engineering / JetPROP LLC|JetProp DLX|PT6A-35|560|265+|262|60|151|27000|3000|1200|800|1000|800|4318|2900|30/1|11/3|43|1000
Rocket Engineering / JetPROP LLC|JetProp DL|PT6A-21|550|254+|250|60|151|27000|2500|1200|800|1000|800|4318|2900|30/1|11/3|43|1000
Rocket Engineering / JetPROP LLC|TurbineAir|PT6A-21|500|250+|245|56|120|25000|2500|1150|750|1000|600|4021|2800|30/6|8/5|37/10|900
Rockwell Meyers 200|200 D Meyers (Prop Jets, Inc.)|Piston|285|187|183|47|80|18500|1450|1150|900|1150|850|3000|1940|24/4|7/4|30/6|746
Rockwell Meyers 200|200 B Meyers (Prop Jets, Inc.)|Piston|260|188|170|54|40|19700|1245|1260|1010|1150|850|3000|1975|24/4|8/6|30/5|370
Rockwell Meyers 200|200 Meyers (Prop Jets, Inc.)|Piston|260|188|170|50|70|18500|1150|1375|1100|1150|850|3000|1870|24/5|8/5|30/5|688
Rockwell Meyers 200|100-180 Lark (S.L. Industries)|Piston|180|120|115|55|44|11000|648|1575|875|1280|675|2450|1532|24/9|10/1|35/0|470
Rockwell Meyers 200|100 Darter (S.L. Industries)|Piston|150|116|111|51|44|13000|785|1550|870|1215|650|2250|1280|22/6|9/4|35/0|610
Rockwell Meyers 200|100 (Formerly Volair) (S.L. Industries)|Piston|135|123|111|42|44|13000|850|950|750|750|650|2250|1280|22/6|9/4|35/0|642
Rockwell Meyers 200|A9 Quail & Sparrow (See Aircraft Parts & Dev.)||||||||||||||||||
Rockwell Meyers 200|B1,B1A AG Commander (S.L. Industries)|Piston|450|103|91|59|40|14000|650|800|600|670|447|3000|1600|24/0|8/0|35/0|273
Sabreliner Corp.|Sabre 75A|Jet|4,500|490|436|89|7,380|45000|4500|4380||2625||23000|13200|47/2|17/3|44/5|1483
Sabreliner Corp.|Sabre 75|Jet|3,300|490|430|89|7,380|45000|4000|5500||2760||21000|12200|47/2|17/3|44/5|2520
Sabreliner Corp.|Sabre 65|Jet|3,700|464|424|82|8,844|45000|3540|5895||2720||24000|13754|46/11|16/0|50/5|2480
Sabreliner Corp.|Sabre 60|Jet|3,300|490|430|86|7,122|45000|4700|5300||2365||20172|11250|46/11|16/0|44/8|1640
Sabreliner Corp.|Sabre 40A|Jet|3,300|490|430|83|7,122|45000|4700|4900||2350||19612|10500|43/9|16/0|44/4|1640
Sabreliner Corp.|NA265 (40 Sabreliner) 8 engines|Jet|3,300|490|430|83|7,122|45000|5050|4450||2250||18650|10500|43/9|16/0|44/4|1640
Sportair USA LC|Sting Sport S3|Piston|100 hp|120|116|34|21.5||1000|745|295|1020|345|1320|780|20/4|6/4|29/11|495
Stinson|108-3|Piston|165|124|105|57|50|850|980|1500||940||2400|1300|25/2|7/5|34/0|594
Stinson|108-1|Piston|150|122|103|54|50|16800|875|1350|945|1400|940|2100|1175|25/2|7/5|34/0|600
Swift|GC-1B|Piston|125|130|122|43|30|16000|1000|1185|830|880|650|1710|1125|20/9|6/1|29/3|432
Symphony Aircraft Industries|SA-160|Piston|160|162|128|48|30|16400|850|1214|919|1837|755|2150|1450|22/8|9/25|35|
Taylorcraft Inc.|F-21B|Piston|118|109|100|42|40|18000|750|1140|720||500|1750|1040|22/3|6/6|36/0|296
Taylorcraft Inc.|F-21,F-21A (-21A=40 gal fuel + empty wgt=1,000)|Piston|115|109|103|37|24|18000|875|350|275|350||1500|990|22/3|6/6|36/0|296
Taylorcraft Inc.|F-19, Sportsman 100|Piston|100|110|100|37|24|18000|775|375|300|375||1500|900|22/1|6/6|36/0|290
Tradewind Turbines|A-36 Bonanza Prop Jet|Propjet|450|220|220|57|114|25000|2500|900|600|525|325|3849|2400|29/2|8/7|33/5|985
Twin Commander A/C|1000 Jet Prop|Propjet|820|309|303|77|474|35500|2802|2131|1407|2186|1395|11200|7192|42/11|14/11|52/1|2080
Twin Commander A/C|980 Jet Prop|Propjet|733|310|303|75|474|37100|2777|1830|1299|1958|1277|10325|6727|42/11|14/11|52/1|2040
Twin Commander A/C|900 Jet Prop|Propjet|748|290|286|77|425|32245|2779|1937|1411|2202|1387|10700|6992|42/11|14/11|52/1|1722
Twin Commander A/C|690B,I,II Prop Jet(I empty weight=6,195)|Propjet|717.5|286|281|77|384|32800|2821|2259|1458|2100||10325|6733|44/4|14/11|46/8|1419
Twin Commander A/C|690A, Prop Jet (690 length=43/0 & height=14/11)|Propjet|717.5|285|279|77|384|32900|2849|2216|1666|2084||10250|6225|44/4|14/10|46/7|1471
Twin Commander A/C|840 Jet Prop|Propjet|717.5|291|286|75|425|34050|2824|1854|1285|1971|1240|10325|6629|42/11|14/11|52/1|1780
Twin Commander A/C|720 Alti-Cruiser|Piston|340|235|204|62|223|25360|1580|1570|1256|1625|1140|7500|5230|35/1|14/5|49/0|1217
Twin Commander A/C|700 (Fuji)|Piston|340|221|212|69|210|27400|1578|2264|1604|2154||6947|4704|38/2|13/4|42/5|
Twin Commander A/C|685 pressurized|Piston|435|242|222|75|256|27500|1490|2711|1949|2312||9000|6021|43/0|14/11|46/7|1170
Twin Commander A/C|681 Hawk, 681B Turbo Commander|Propjet|575|252|236|89|286|25600|2007|2016|1706|2504|1200|9400|5515|43/0|14/6|44/1|1296
Twin Commander A/C|680 W Turbo II Prop Jet|Propjet|575|252|243|89|286|26500|2025|1975|1660|2460|1200|9400|6423|43/0|14/6|44/0|957
Twin Commander A/C|680 T,V Prop Jet|Propjet|575|252|248|71|287|30000|2000|1975|1700|2460|1200|9400|5100|41/3|14/6|49/6|956
Twin Commander A/C|680 FLP Pressurized Grand|Piston|380|230|209|71|223|28500|1285|1740|1560|1360|1200|8500|5600|41/3|14/9|49/6|1139
Twin Commander A/C|680 FL Courser|Piston|380|239|204|74|223|27500|1282|1780|1250|1365|1000|8500|5449|41/6|14/6|49/3|1139
Twin Commander A/C|680 FL Grand|Piston|380|235|212|71|223|26500|1200|1740|1560|1360|1200|8500|5600|41/3|14/5|49/5|1139
Twin Commander A/C|680 F|Piston|380|244|221|67|223|27400|1440|1320|1050|1630|1150|8000|4780|35/1|14/5|49/5|1139
Twin Commander A/C|680 E|Piston|340|235|204|67|223|26000|1440|1565|1175|1450|1015|7500|5230|35/1|14/5|49/0|1217
Twin Commander A/C|680 Super|Piston|340|226|200|67|223|25570|1625|1565|1180|1630|1020|7000|4443|35/1|14/5|44/1|1217
Twin Commander A/C|560 F|Piston|350|216|200|63|223|21900|1587|1270|1070|1410|1210|7500|4680|35/1|14/5|49/5|1522
Twin Commander A/C|560 E|Piston|295|193|184|58|223|21500|1450|1450|1160|1500|1050|6500|4300|35/1|14/5|49/0|1413
Twin Commander A/C|560 A-HC|Piston|295|193|184|58|156|22000|1510|1250|1050|1370|960|6000|4250|35/1|14/5|49/0|826
Twin Commander A/C|560 A|Piston|275|183|174|58|156|21500|1400|1210|950|1370|900|6000|4198|35/1|14/5|44/1|913
Twin Commander A/C|560|Piston|270|179|171|52|150|21500|1400|1100|950|1050|900|6000|3900|35/5|14/5|44/1|887
Twin Commander A/C|500 S Shrike Commander & (Esquire thru'76)|Piston|290|187|177|59|156|19400|1340|1915|1100|2235|975|6750|4635|36/10|14/6|49/1|693
Twin Commander A/C|500 U|Piston|290|204|190|59|156|21000|1450|1375|1100|1235|865|6750|4348|35/1|14/6|49/1|1060
Twin Commander A/C|500 B|Piston|290|198|190|59|156|24000|1700|1375|1100|1235|865|6750|4350|35/1|14/9|49/5|957
Twin Commander A/C|500 A|Piston|260|198|190|54|156|22500|1400|1210|970|1150|865|6250|4255|35/1|14/5|49/5|957
Twin Commander A/C|500|Piston|250|190|178|55|156|22500|1400|1250|1000|1350|950|6000|3850|35/1|14/5|49/0|957
Twin Commander A/C|520|Piston|260|183|171|52|150|24000|1700|1100|950|1050|900|5500|3800|35/5|14/5|44/1|1000
Varga|2180|Piston|180|130|116|45|33|22000|1310|||||1817|1175|21/2|7/0|30/0|365
Varga|2150A Kachina|Piston|150|117|104|45|33|22000|910|||||1817|1125|21/2|7/0|30/0|380
|||||||||||||||||||
|||||||||||||||||||
